/*
SQLyog Ultimate v9.20 
MySQL - 5.5.5-10.4.17-MariaDB : Database - db_skripsi
*********************************************************************
*/

/*!40101 SET NAMES utf8 */;

/*!40101 SET SQL_MODE=''*/;

/*!40014 SET @OLD_UNIQUE_CHECKS=@@UNIQUE_CHECKS, UNIQUE_CHECKS=0 */;
/*!40014 SET @OLD_FOREIGN_KEY_CHECKS=@@FOREIGN_KEY_CHECKS, FOREIGN_KEY_CHECKS=0 */;
/*!40101 SET @OLD_SQL_MODE=@@SQL_MODE, SQL_MODE='NO_AUTO_VALUE_ON_ZERO' */;
/*!40111 SET @OLD_SQL_NOTES=@@SQL_NOTES, SQL_NOTES=0 */;
CREATE DATABASE /*!32312 IF NOT EXISTS*/`db_skripsi` /*!40100 DEFAULT CHARACTER SET utf8mb4 */;

USE `db_skripsi`;

/*Table structure for table `data` */

DROP TABLE IF EXISTS `data`;

CREATE TABLE `data` (
  `data_id` bigint(20) NOT NULL AUTO_INCREMENT,
  `name` varchar(255) DEFAULT NULL,
  PRIMARY KEY (`data_id`)
) ENGINE=InnoDB AUTO_INCREMENT=13 DEFAULT CHARSET=utf8mb4;

/*Data for the table `data` */

insert  into `data`(`data_id`,`name`) values (1,'Percobaan'),(3,'Data Indonesia tgl 30/09/2020'),(4,'Data Indonesia tgl 01/12/2020'),(5,'Data indonesia 02-12-2020'),(12,'Data Kalimantan 2020');

/*Table structure for table `data_detail` */

DROP TABLE IF EXISTS `data_detail`;

CREATE TABLE `data_detail` (
  `data_detail_id` bigint(20) NOT NULL AUTO_INCREMENT,
  `data_id` bigint(20) DEFAULT NULL,
  `latitude` double DEFAULT NULL,
  `longitude` double DEFAULT NULL,
  PRIMARY KEY (`data_detail_id`)
) ENGINE=InnoDB AUTO_INCREMENT=3750 DEFAULT CHARSET=utf8mb4;

/*Data for the table `data_detail` */

insert  into `data_detail`(`data_detail_id`,`data_id`,`latitude`,`longitude`) values (1,1,1,3),(2,1,1,2),(3,1,4,2),(4,1,3,4),(5,1,8,7),(6,1,7,8),(7,1,7,6),(8,1,6,8),(9,1,8,6),(10,1,1,3),(133,3,-8.523862,118.729736),(134,3,-8.456009,122.698135),(135,3,-9.799001,123.729248),(136,3,-8.739165,118.249481),(137,3,-9.804517,123.723892),(138,3,-9.094152,124.789413),(139,3,-9.089807,124.788811),(140,3,-9.803735,123.729782),(141,3,-10.274761,123.886284),(142,3,-9.794972,123.723358),(143,3,-9.803864,119.757645),(144,3,-9.79974,123.723648),(145,3,-9.52352,124.917534),(146,3,-10.079512,120.144737),(147,3,-9.804389,119.753433),(148,3,-10.080854,120.14389),(149,3,-8.384355,123.082382),(150,3,-9.803861,119.758514),(151,3,-9.804358,119.75428),(152,3,-8.419575,120.986595),(153,3,-8.410288,120.880211),(154,3,-9.516238,119.662018),(155,3,-8.592046,119.174492),(156,3,-8.65079,117.349876),(157,3,-9.26173,124.843109),(158,3,-9.260852,124.843437),(159,3,-8.547636,121.973846),(160,3,-8.547271,121.976608),(161,3,-9.299105,124.436295),(162,3,-9.353558,124.521835),(163,3,-9.354148,124.517426),(164,3,-9.526933,124.624832),(165,3,-9.350919,124.439598),(166,3,-10.044081,124.506386),(167,3,-8.777552,117.132515),(168,3,-8.735581,118.245956),(169,3,-9.350359,124.443794),(170,3,-7.352894,131.417587),(171,3,-9.458469,124.506233),(172,3,-9.348262,124.56134),(173,3,-7.349001,131.420624),(174,3,-9.404325,124.381447),(175,3,-10.189415,120.625267),(176,3,-8.297591,123.724846),(177,3,-8.298766,123.716202),(178,3,-8.477319,123.537956),(179,3,-8.237803,124.93972),(180,3,-9.216297,124.813538),(181,3,-10.301958,123.597878),(182,3,-10.306853,123.559273),(183,3,-10.302464,123.600113),(184,3,-10.303158,123.594963),(185,3,-10.308337,123.55658),(186,3,-8.534664,124.102104),(187,3,-9.699583,123.884972),(188,3,-9.541846,123.983955),(189,3,-10.061472,124.026947),(190,3,-9.389481,124.423592),(191,3,-8.45541,124.137543),(192,3,-9.485003,124.166855),(193,3,-8.494234,123.423813),(194,3,-8.492715,123.426575),(195,3,-8.532081,123.428963),(196,3,-8.275317,125.041161),(197,3,-8.275304,125.041527),(198,3,-10.109908,124.263657),(199,3,-9.491327,124.328415),(200,3,-9.449218,124.334534),(201,3,-9.447186,124.33593),(202,3,-9.47943,124.102585),(203,3,-9.479174,124.104179),(204,3,-9.4798,124.099609),(205,3,-8.732633,118.247528),(206,3,-10.271292,123.950226),(207,3,-8.822891,117.316132),(208,3,-9.548474,124.426414),(209,3,-9.546584,124.427185),(210,3,-8.479527,123.536362),(211,3,-8.474853,123.535553),(212,3,-8.430446,123.531235),(213,3,-9.493423,124.173424),(214,3,-10.048248,124.091942),(215,3,-10.043663,124.091026),(216,3,-10.044271,124.086357),(217,3,-8.432518,124.171242),(218,3,-8.43315,124.166573),(219,3,-9.873753,124.111137),(220,3,-10.10494,123.91317),(221,3,-8.203099,127.990189),(222,3,-8.19898,127.993675),(223,3,-8.199552,127.989685),(224,3,-8.172581,128.026581),(225,3,-8.173964,128.02356),(226,3,-7.627327,127.367233),(227,3,-8.039207,139.514313),(228,3,-9.080977,125.016342),(229,3,-9.700221,123.880249),(230,3,-9.488117,124.420708),(231,3,-9.789475,119.933426),(232,3,-9.788309,119.931992),(233,3,-8.210603,127.937828),(234,3,-8.184001,127.955467),(235,3,-9.908114,123.925667),(236,3,-10.277225,123.941238),(237,3,-8.699624,117.455276),(238,3,-8.701387,117.460197),(239,3,-8.702125,117.454185),(240,3,-8.492491,120.950523),(241,3,-7.935858,131.297256),(242,3,-7.931987,131.300262),(243,3,-7.932525,131.296738),(244,3,-8.495571,120.951637),(245,3,-9.740438,119.969704),(246,3,-9.299734,124.431702),(247,3,-9.294759,124.434845),(248,3,-7.646818,127.386444),(249,3,-7.627423,127.392647),(250,3,-7.614491,127.353523),(251,3,-8.456667,122.693245),(252,3,-8.596007,122.748718),(253,3,-7.229895,131.93663),(254,3,-8.587988,122.738579),(255,3,-9.874421,124.106163),(256,3,-9.415347,124.524063),(257,3,-9.3569,124.462929),(258,3,-8.59654,122.750633),(259,3,-8.21358,127.942383),(260,3,-9.313312,124.483818),(261,3,-9.313837,124.479813),(262,3,-9.309338,124.479568),(263,3,-9.310643,124.484459),(264,3,-9.311209,124.480377),(265,3,-7.456761,138.326187),(266,3,-9.41643,124.525345),(267,3,-8.145222,139.310211),(268,3,-8.586703,122.74279),(269,3,-9.356462,124.500145),(270,3,-10.164426,120.635307),(271,3,-9.38676,124.477219),(272,3,-8.141715,139.30014),(273,3,-8.141172,139.303192),(274,3,-10.166887,120.61499),(275,3,-8.13604,139.302322),(276,3,-9.880697,120.355759),(277,3,-8.210037,131.007462),(278,3,-8.762693,118.222649),(279,3,-8.76586,118.22081),(280,3,-8.27479,125.045067),(281,3,-8.274747,125.045448),(282,3,-8.525112,118.285706),(283,3,-8.527579,118.287102),(284,3,-9.595991,119.47155),(285,3,-8.484111,118.404182),(286,3,-9.301856,124.971039),(287,3,-10.006948,120.387794),(288,3,-9.487483,124.42543),(289,3,-9.153289,124.98761),(290,3,-9.29231,124.452782),(291,3,-8.177751,118.138245),(292,3,-8.177165,118.142929),(293,3,2.261656,117.539398),(294,3,-8.185473,118.130646),(295,3,-8.183844,118.143623),(296,3,-8.184933,118.134949),(297,3,3.81496,116.17675),(298,3,1.425986,118.209045),(299,3,1.425353,118.204987),(300,3,1.425886,118.205124),(301,3,-2.347657,119.757698),(302,3,1.494061,127.634705),(303,3,-8.178875,118.129272),(304,3,-8.178316,118.133736),(305,3,-1.669931,119.889641),(306,3,-8.243496,117.496071),(307,3,-8.244505,117.487831),(308,3,-2.812076,140.683304),(309,3,-2.812871,140.67868),(310,3,-2.81234,140.681824),(311,3,0.981324,118.962799),(312,3,1.493527,127.631195),(313,3,-8.246975,117.581718),(314,3,2.041868,117.148987),(315,3,-8.151615,117.555367),(316,3,-0.650222,116.054924),(317,3,2.100507,117.239296),(318,3,2.106615,117.238327),(319,3,2.100992,117.240433),(320,3,2.107099,117.239487),(321,3,0.967552,117.229477),(322,3,0.971592,117.230133),(323,3,0.970806,117.225266),(324,3,0.982519,117.218857),(325,3,1.404326,117.581253),(326,3,-1.383796,115.268517),(327,3,-4.275942,119.67112),(328,3,-4.276628,119.666283),(329,3,-2.348152,119.754349),(330,3,-0.637587,115.860443),(331,3,-5.504883,119.660049),(332,3,-5.568971,119.670517),(333,3,-5.506563,119.66098),(334,3,-0.637855,115.858665),(335,3,-8.184381,118.13932),(336,3,-7.89076,114.05452),(337,3,-8.06495,114.133911),(338,3,-6.595782,108.084991),(339,3,-7.841683,114.210403),(340,3,-7.875337,114.234718),(341,3,-7.846469,114.275352),(342,3,-7.842271,114.2071),(343,3,-7.890224,114.057587),(344,3,-6.086168,106.998795),(345,3,-6.010774,105.976524),(346,3,-8.751228,117.498833),(347,3,-6.556509,108.121765),(348,3,-6.556181,108.121986),(349,3,-7.073159,106.534157),(350,3,-7.263258,106.457367),(351,3,-8.245716,117.491737),(352,3,-6.63282,107.874939),(353,3,-8.888323,117.235168),(354,3,-8.825759,117.311821),(355,3,-7.856252,114.128326),(356,3,-6.101642,106.545815),(357,3,-6.922001,106.611038),(358,3,-6.918608,106.610497),(359,3,-5.759096,105.117775),(360,3,-5.5657,105.588005),(361,3,-5.551539,104.970856),(362,3,-6.571323,106.193115),(363,3,-6.532651,106.220207),(364,3,-8.718514,117.524658),(365,3,-6.540023,108.106598),(366,3,-5.68539,105.578308),(367,3,-8.757811,117.498894),(368,3,-7.497272,112.621742),(369,3,-8.713798,117.521927),(370,3,-8.706949,117.454636),(371,3,-8.700403,117.454422),(372,3,-8.704705,117.45681),(373,3,-8.758958,117.492844),(374,3,-6.700589,107.854668),(375,3,-8.720231,117.522858),(376,3,-8.794382,116.028702),(377,3,-8.027756,114.342216),(378,3,-8.027105,114.345848),(379,3,-8.028407,114.338577),(380,3,-6.607847,108.172791),(381,3,-8.781336,115.874504),(382,3,-8.781624,115.872231),(383,3,-7.926855,111.383224),(384,3,-6.832005,108.638458),(385,3,-6.802393,105.814781),(386,3,-6.688348,105.854912),(387,3,-6.685543,105.850868),(388,3,-4.879869,105.164398),(389,3,-4.871865,105.127548),(390,3,-6.613482,105.674171),(391,3,-6.346256,108.246132),(392,3,-6.596446,108.080818),(393,3,-6.812431,105.726349),(394,3,-4.773377,105.333916),(395,3,-5.441988,104.21907),(396,3,-5.730762,104.434769),(397,3,-4.784993,105.324913),(398,3,-4.779506,105.248909),(399,3,-7.023386,106.675827),(400,3,-8.021791,114.345078),(401,3,0.289316,111.939796),(402,3,0.518813,111.652451),(403,3,0.239655,112.028542),(404,3,-1.819836,110.807884),(405,3,0.183516,111.234131),(406,3,0.285195,112.048767),(407,3,0.294126,112.106125),(408,3,-1.88076,110.682449),(409,3,-1.491164,110.455498),(410,3,-2.930143,108.023857),(411,3,-1.924932,110.698746),(412,3,-2.072833,110.710312),(413,3,0.594692,111.684196),(414,3,-1.764575,112.357872),(415,3,-1.756916,111.129967),(416,3,-1.756641,111.126205),(417,3,-1.828314,110.600586),(418,3,-0.396937,115.58004),(419,3,-4.113897,103.119324),(420,3,-0.353574,115.478722),(421,3,-0.397252,115.578209),(422,3,0.555903,111.999191),(423,3,-1.600016,106.010071),(424,3,-0.036064,115.730995),(425,3,-0.035217,115.73642),(426,3,0.54833,112.019371),(427,3,0.777511,113.268524),(428,3,-3.748346,102.835106),(429,3,-4.477105,105.463066),(430,3,0.662334,111.31971),(431,3,-0.482122,110.208992),(432,3,-2.124958,110.94088),(433,3,-1.464749,110.446983),(434,3,-2.121702,110.938477),(435,3,0.245289,111.96183),(436,3,0.570222,111.624641),(437,3,0.184761,111.230644),(438,3,0.935626,111.77861),(439,3,0.936073,111.781593),(440,3,-0.275356,115.721886),(441,3,-1.725207,110.750443),(442,3,-0.336007,112.941757),(443,3,-0.276216,115.716324),(444,3,0.803768,111.441406),(445,3,-0.131547,112.775627),(446,3,-0.202413,113.039169),(447,3,0.563043,111.670029),(448,3,0.209701,111.935715),(449,3,-4.127114,105.340042),(450,3,-2.268899,110.802872),(451,3,-4.16809,103.821075),(452,3,0.210156,111.938721),(453,3,0.444328,111.496071),(454,3,0.371334,111.554993),(455,3,-1.875188,110.77729),(456,3,-0.227403,112.845161),(457,3,0.443455,111.494659),(458,3,-2.217781,110.892006),(459,3,0.605864,110.880653),(460,3,-0.240742,112.553345),(461,3,-0.237382,112.553825),(462,3,-0.206058,112.580154),(463,3,-0.206571,112.576843),(464,3,0.562579,111.667053),(465,3,0.563495,111.672928),(466,3,-3.790226,103.163139),(467,3,0.657352,111.320328),(468,3,0.445054,115.206291),(469,3,0.713157,111.621979),(470,3,0.594246,111.681213),(471,3,-1.924661,110.702171),(472,3,-1.667295,110.526184),(473,3,-1.885319,110.683159),(474,3,0.264916,111.918465),(475,3,-2.11412,110.956947),(476,3,-2.251476,110.852859),(477,3,-2.219781,110.848846),(478,3,-2.220509,110.84417),(479,3,-0.169384,112.746071),(480,3,-0.1699,112.742744),(481,3,-2.067434,110.59343),(482,3,-0.134724,111.14444),(483,3,0.259784,111.919289),(484,3,-1.908939,110.53318),(485,3,0.270937,116.214027),(486,3,-0.133192,111.145691),(487,3,-0.191403,111.121872),(488,3,-2.752651,106.247108),(489,3,0.271627,111.99556),(490,3,-4.572158,103.439941),(491,3,-4.388626,104.147224),(492,3,-2.068416,110.592957),(493,3,-0.115322,111.141701),(494,3,-0.879578,113.737038),(495,3,-2.177581,110.997887),(496,3,-2.288851,111.003998),(497,3,-3.21994,103.610542),(498,3,-2.203903,110.971405),(499,3,0.83062,111.584099),(500,3,0.604971,111.752678),(501,3,0.586501,111.733902),(502,3,0.578319,111.768021),(503,3,0.561569,111.761185),(504,3,0.544325,111.785057),(505,3,-1.818679,110.806801),(506,3,-0.144415,115.415268),(507,3,-0.145506,115.413589),(508,3,0.555967,110.777039),(509,3,-0.468989,114.874001),(510,3,-1.683982,110.537971),(511,3,0.684928,111.368111),(512,3,0.96283,109.598877),(513,3,-2.216192,111.042091),(514,3,-2.213401,111.042923),(515,3,-2.205244,110.97274),(516,3,-0.166611,110.193672),(517,3,0.759349,111.487694),(518,3,-0.074712,110.897041),(519,3,-0.074519,110.898575),(520,3,-1.619783,110.469887),(521,3,0.555498,111.058624),(522,3,0.554686,111.053352),(523,3,0.45644,111.344055),(524,3,0.668155,111.324623),(525,3,0.276794,111.994781),(526,3,0.265857,111.924507),(527,3,-1.884647,110.687431),(528,3,0.673124,111.323898),(529,3,0.354465,111.874702),(530,3,-3.218686,108.027611),(531,3,0.655548,111.540497),(532,3,0.267608,111.83493),(533,3,0.546189,111.797211),(534,3,0.296861,111.954239),(535,3,-1.838789,110.65287),(536,3,0.361132,112.020775),(537,3,0.551046,111.527077),(538,3,0.357053,112.83432),(539,3,0.547124,111.469315),(540,3,0.504775,111.696648),(541,3,0.604515,111.749641),(542,3,0.550197,111.524742),(543,3,0.551286,111.532066),(544,3,0.555862,111.528259),(545,3,0.547568,111.472618),(546,3,-2.450727,110.601402),(547,3,0.655999,111.543388),(548,3,0.581479,111.527641),(549,3,0.556378,112.002327),(550,3,0.885111,116.92836),(551,3,0.887747,116.924454),(552,3,0.298188,111.954453),(553,3,0.75028,100.375809),(554,3,0.305032,111.621643),(555,3,-2.421014,102.085892),(556,3,0.360659,112.017693),(557,3,-2.027058,110.467682),(558,3,0.302017,111.953468),(559,3,-1.83523,110.676727),(560,3,-1.786739,110.778107),(561,3,0.70781,111.586632),(562,3,0.289692,111.908714),(563,3,0.903609,100.456131),(564,3,0.651251,115.208054),(565,3,0.316519,111.93615),(566,3,0.704239,113.090034),(567,3,-1.892253,110.609642),(568,3,0.291355,111.908821),(569,3,0.313395,111.880791),(570,3,0.314575,111.958183),(571,3,0.677968,112.980583),(572,3,0.676453,112.980965),(573,3,0.682017,112.980164),(574,3,0.700947,113.090088),(575,3,-1.835064,110.675972),(576,3,0.469826,111.757751),(577,3,0.499692,111.697403),(578,3,-1.834312,110.680626),(579,3,-0.560532,114.689926),(580,3,-3.086479,106.69838),(581,3,0.401247,111.650085),(582,3,0.322418,111.633995),(583,3,-1.668015,110.521652),(584,3,-1.786095,112.287148),(585,3,0.396179,111.65078),(586,3,0.377105,111.986908),(587,3,0.396622,111.653687),(588,3,0.377584,111.989998),(589,3,0.401691,111.653),(590,3,-2.52972,106.591095),(591,3,-2.530321,106.587181),(592,3,-2.670841,106.588234),(593,3,0.475319,111.693108),(594,3,-1.788471,112.287315),(595,3,0.762943,111.641846),(596,3,0.740753,111.632751),(597,3,0.7634,111.644806),(598,3,0.890551,111.669312),(599,3,0.885455,111.670113),(600,3,-3.272308,103.461594),(601,3,-3.272832,103.458092),(602,3,0.494608,111.698151),(603,3,0.470234,111.693825),(604,3,-4.349689,104.140465),(605,3,0.474927,111.756996),(606,3,-4.626212,104.343109),(607,3,-4.640714,104.873672),(608,3,-1.835584,112.254387),(609,3,0.485319,111.705521),(610,3,-2.72569,106.203987),(611,3,-2.710703,106.209457),(612,3,0.773864,116.634468),(613,3,-3.608581,105.237488),(614,3,-2.780672,106.434608),(615,3,-2.78126,106.430763),(616,3,-2.720365,106.386269),(617,3,-2.689831,106.369545),(618,3,-2.648388,106.453697),(619,3,-2.634412,106.451569),(620,3,-2.725177,106.300789),(621,3,-2.719362,106.222321),(622,3,-2.674919,106.234962),(623,3,0.362426,111.892189),(624,3,0.484876,111.702568),(625,3,0.472927,111.692154),(626,3,-1.818523,136.749298),(627,3,-8.17005,113.192215),(628,3,-8.117254,114.056656),(629,3,-8.379761,123.081253),(630,3,-8.683303,118.44619),(631,3,-2.574832,121.376953),(632,3,1.494648,127.635704),(633,3,1.494091,127.635277),(634,3,-2.578503,121.376434),(635,3,1.49458,127.632149),(636,3,1.495159,127.632607),(637,3,-2.571163,121.377502),(638,3,-2.57184,121.381844),(639,3,-2.579188,121.380791),(640,3,-8.113624,112.921516),(641,3,-2.576196,121.385674),(642,3,-7.182909,111.690514),(643,3,-2.579874,121.385178),(644,3,-2.583555,121.384705),(645,3,-10.189445,120.62722),(646,3,-10.193336,120.62677),(647,3,-2.580567,121.389603),(648,3,-0.585113,117.386597),(649,3,-3.904545,115.028801),(650,3,-0.581764,117.387115),(651,3,-0.695464,116.939903),(652,3,-0.963116,117.147278),(653,3,-2.572518,121.386177),(654,3,-2.573203,121.390564),(655,3,-2.576885,121.390083),(656,3,-7.572552,112.640388),(657,3,-2.575514,121.381317),(658,3,1.863795,117.247955),(659,3,0.660613,117.462967),(660,3,1.968211,117.270851),(661,3,0.657248,117.462463),(662,3,-2.061227,115.570244),(663,3,0.67126,117.460976),(664,3,-2.157128,115.584366),(665,3,0.823699,117.531738),(666,3,-2.160631,115.583778),(667,3,2.290052,117.199036),(668,3,-6.482052,106.898651),(669,3,0.679775,117.560303),(670,3,0.670707,117.464516),(671,3,1.164879,117.678574),(672,3,-2.201191,115.521355),(673,3,-7.621688,112.731903),(674,3,-0.770666,115.778114),(675,3,-8.175967,118.13562),(676,3,0.67407,117.465034),(677,3,-2.920349,115.232056),(678,3,-2.923887,115.231476),(679,3,-2.923268,115.232971),(680,3,-7.426991,112.651871),(681,3,0.614047,117.444572),(682,3,0.610686,117.444038),(683,3,0.64893,117.515717),(684,3,-7.271314,112.511818),(685,3,0.192937,117.34687),(686,3,-7.487361,112.556076),(687,3,0.142504,117.360863),(688,3,-8.175406,118.131935),(689,3,-8.563339,118.821648),(690,3,5.224575,96.898552),(691,3,-0.750332,102.242355),(692,3,-3.813407,104.33979),(693,3,-3.316684,104.121941),(694,3,-3.318505,104.120918),(695,3,-3.359933,104.006882),(696,4,-3.904521,122.420242),(697,4,-9.582175,120.114395),(698,4,-2.57763,121.380196),(699,4,-9.759354,124.797211),(700,4,-1.371731,121.579018),(701,4,-1.387345,121.707184),(702,4,0.549025,121.771126),(703,4,-8.272978,123.510376),(704,4,-1.375146,121.57962),(705,4,-8.504858,121.738739),(706,4,3.5544,117.353073),(707,4,-3.903942,122.424034),(708,4,-2.202872,112.176102),(709,4,-2.581563,121.37709),(710,4,-9.687934,120.17498),(711,4,-3.916812,122.418655),(712,4,-3.828345,122.385063),(713,4,-3.840495,122.375328),(714,4,-3.824899,122.384438),(715,4,-2.042727,111.149414),(716,4,-8.273606,123.506325),(717,4,-3.871591,122.403572),(718,4,-3.871008,122.407372),(719,4,-8.276251,120.616768),(720,4,-4.009871,122.251617),(721,4,-4.006427,122.251083),(722,4,-3.970205,122.302994),(723,4,-3.396301,121.135452),(724,4,-8.282978,125.091812),(725,4,0.658012,117.462929),(726,4,-3.973077,122.307259),(727,4,-4.18337,122.599602),(728,4,-9.597463,120.198341),(729,4,-7.506451,112.725258),(730,4,-9.596938,120.201874),(731,4,-4.221245,122.260765),(732,4,1.072368,103.330177),(733,4,-2.875714,106.49218),(734,4,-1.232494,101.431274),(735,4,-2.593856,106.305191),(736,4,-2.589334,106.308235),(737,4,-0.894936,101.407913),(738,4,-1.560115,101.363617),(739,4,-1.072232,101.746338),(740,4,-0.981046,101.639771),(741,4,-2.116662,101.208069),(742,4,-2.161554,101.609428),(743,4,-0.159005,100.691116),(744,4,-3.711282,102.77729),(745,4,-1.627075,102.218361),(746,4,-3.203085,102.630692),(747,4,-2.769762,106.408577),(748,4,-2.877214,106.491631),(749,4,-3.202169,102.627632),(750,4,-1.057947,101.586472),(751,4,-0.985501,101.643517),(752,4,-0.985807,101.640579),(753,4,-1.003456,101.53212),(754,4,-1.002148,101.533943),(755,4,1.401903,99.543961),(756,4,-2.246194,101.630753),(757,4,-2.45945,103.258369),(758,4,-2.458906,103.256485),(759,4,-0.844024,101.274162),(760,4,-4.50765,103.907898),(761,4,-2.493882,103.276512),(762,4,-3.425454,104.166435),(763,4,-2.771466,106.41198),(764,4,-2.715318,103.043724),(765,4,-2.712885,103.041222),(766,4,-2.712414,103.044212),(767,4,-0.841699,101.270683),(768,4,-2.611467,106.25444),(769,4,-2.590199,106.303162),(770,4,-4.512902,103.908821),(771,4,-1.891237,115.863121),(772,4,-1.871012,115.856522),(773,4,-0.535873,101.795532),(774,4,0.777312,101.427551),(775,4,-2.010697,103.704689),(776,4,-1.895934,115.862411),(777,4,-6.136519,106.48333),(778,4,-6.05705,106.597816),(779,4,-1.063898,103.242188),(780,4,-3.168041,103.10218),(781,4,-1.725929,103.664017),(782,4,-1.875235,103.559769),(783,4,-1.189002,103.374069),(784,4,-2.160769,115.581978),(785,4,0.140343,100.828117),(786,4,-2.271049,102.548088),(787,4,-8.118648,112.936691),(788,4,1.37645,100.526611),(789,4,0.681815,101.120018),(790,4,0.681989,101.118889),(791,4,-8.119655,112.943787),(792,4,-2.535555,103.381927),(793,5,-7.942957,131.231781),(794,5,-1.269053,122.517174),(795,5,-1.557945,123.186134),(796,5,-2.6567,119.240845),(797,5,-2.832464,122.162704),(798,5,0.524063,121.449928),(799,5,-1.271426,122.517883),(800,5,-2.578724,121.37809),(801,5,-2.832113,122.162704),(802,5,-2.828342,122.166092),(803,5,-2.831532,122.166649),(804,5,0.529556,122.30249),(805,5,0.532684,122.461769),(806,5,0.579625,122.354591),(807,5,-3.902904,122.417702),(808,5,-3.559418,126.248795),(809,5,-1.389945,122.425171),(810,5,-1.554574,123.185646),(811,5,-3.902322,122.421631),(812,5,-1.387468,122.424637),(813,5,-3.872684,122.405258),(814,5,-2.833062,122.158783),(815,5,-3.499277,119.019806),(816,5,-1.350736,122.434517),(817,5,-2.828944,122.162125),(818,5,-6.021644,106.258049),(819,5,0.34592,103.085609),(820,5,-0.924579,102.023239),(821,5,-0.926915,102.024139),(822,5,-0.923925,102.019478),(823,5,-0.346884,101.99678),(824,5,0.709972,109.264275),(825,5,-0.928728,103.266563),(826,5,-0.856466,102.09861),(827,5,-0.772426,101.210304),(828,5,-1.547411,101.113892),(829,5,-0.565667,101.14846),(830,5,-0.561596,101.151817),(831,5,-1.851809,101.196877),(832,5,-0.190585,101.171661),(833,5,-1.04939,100.81189),(834,5,-1.405309,100.582558),(835,5,-3.865873,103.490036),(836,5,-0.354133,99.966965),(837,5,-3.589639,102.174675),(838,5,0.289931,109.401978),(839,5,-1.477452,100.63488),(840,5,2.554837,97.684639),(841,5,-0.880123,102.089279),(842,5,-1.958039,101.983139),(843,5,-0.879451,101.218765),(844,5,-3.657581,102.994362),(845,5,-0.422114,101.47718),(846,5,-3.897052,102.867355),(847,5,4.045479,96.999474),(848,5,-0.684795,100.549088),(849,5,-0.354666,99.963432),(850,5,-3.688851,102.298492),(851,5,2.082894,99.096275),(852,5,-0.187085,101.171173),(853,5,-3.85594,102.844475),(854,5,-2.158753,101.196564),(855,5,-1.076949,101.854294),(856,5,0.280474,100.770683),(857,5,0.279891,100.766891),(858,5,0.397031,100.741966),(859,5,-1.707912,100.815025),(860,5,2.079562,99.096786),(861,5,-2.588363,102.074669),(862,5,2.846431,98.381638),(863,5,-0.191599,101.171814),(864,5,-1.4142,101.631279),(865,5,-1.414812,101.627357),(866,5,-1.413941,101.631927),(867,5,-1.414533,101.627991),(868,5,-0.1881,101.171326),(869,5,-2.296703,101.983597),(870,5,-0.923307,102.023598),(871,5,2.180298,98.223991),(872,5,-3.809441,102.757797),(873,5,-3.90069,103.125694),(874,5,-3.68934,102.299507),(875,5,2.9286,99.980721),(876,5,-2.481158,102.212799),(877,5,2.07168,99.112236),(878,5,-0.456714,102.167992),(879,5,-8.114175,112.922455),(880,5,-1.893253,115.863846),(881,5,-8.11808,112.925758),(882,5,-1.061782,103.242004),(883,5,-1.906972,103.012314),(884,5,-1.189647,103.369431),(885,5,-2.200814,101.088272),(886,5,-2.703202,110.62101),(887,5,-8.115286,112.929741),(888,5,-8.118637,112.929398),(889,5,-8.119206,112.933167),(890,5,-8.111942,112.930138),(891,5,-8.111385,112.926476),(892,5,-0.457118,101.828033),(893,5,-2.162879,115.580704),(894,5,-2.159405,115.581223),(895,5,-2.103432,103.795937),(896,5,-2.103218,103.796257),(897,5,-3.865838,115.198616),(898,5,-2.060872,115.572906),(899,5,-1.874564,115.858887),(900,5,-1.320067,103.084885),(901,5,-2.5364,103.381508),(902,5,1.893782,117.240143),(903,5,-8.114727,112.926071),(904,5,-1.871062,115.859406),(905,5,0.605046,101.243309),(906,5,0.686984,101.619583),(907,5,0.683651,101.118843),(3016,12,0.667156,117.463463),(3017,12,0.670836,117.464066),(3018,12,-3.879206,115.113136),(3019,12,-1.25096,116.819824),(3020,12,-3.878134,115.112282),(3021,12,-3.625596,115.626755),(3022,12,-0.389975,116.417252),(3023,12,0.333139,116.370834),(3024,12,-0.592226,115.121132),(3025,12,0.42113,116.288467),(3026,12,-0.39299,116.42205),(3027,12,-2.91341,115.244553),(3028,12,-3.626055,115.627861),(3029,12,0.984662,117.666252),(3030,12,0.986082,117.663231),(3031,12,-2.880728,115.266571),(3032,12,-3.878793,115.110489),(3033,12,1.165817,117.087982),(3034,12,1.168384,117.089401),(3035,12,-1.900491,110.710419),(3036,12,1.341272,117.204559),(3037,12,1.341914,117.2089),(3038,12,1.049452,117.019402),(3039,12,0.885347,111.145744),(3040,12,0.746849,110.890526),(3041,12,-0.360725,117.211525),(3042,12,-0.88947,117.058571),(3043,12,-0.914181,117.147263),(3044,12,-0.777696,115.893341),(3045,12,-1.249428,116.820045),(3046,12,-1.892449,115.862312),(3047,12,-0.370635,116.283562),(3048,12,-0.363884,116.918098),(3049,12,0.021578,116.436035),(3050,12,-0.2384,109.401657),(3051,12,-0.077028,109.381767),(3052,12,0.505303,110.694588),(3053,12,0.504775,110.691101),(3054,12,0.671459,117.463219),(3055,12,0.825463,117.52877),(3056,12,1.060143,117.678024),(3057,12,0.142796,116.259331),(3058,12,-0.084945,117.43972),(3059,12,-0.358717,117.214226),(3060,12,-0.358174,117.210831),(3061,12,-1.872131,115.853943),(3062,12,-0.718591,117.144493),(3063,12,-0.853546,117.18573),(3064,12,-0.855819,117.185326),(3065,12,-0.639427,117.181854),(3066,12,-0.64159,117.181427),(3067,12,-2.165976,115.577141),(3068,12,-0.58393,117.386063),(3069,12,-2.606957,116.350945),(3070,12,-0.597456,116.765297),(3071,12,-1.067339,116.987671),(3072,12,1.320841,117.180763),(3073,12,1.215852,117.131844),(3074,12,-1.893478,115.860939),(3075,12,0.063389,109.277901),(3076,12,0.919773,109.47879),(3077,12,1.49487,109.699692),(3078,12,0.137761,109.403198),(3079,12,1.865654,117.251045),(3080,12,0.672432,117.463951),(3081,12,1.195984,117.893311),(3082,12,-0.581526,117.386215),(3083,12,-2.164771,115.575081),(3084,12,-3.625176,115.628288),(3085,12,-3.625893,115.632729),(3086,12,-2.571739,113.42083),(3087,12,-1.448796,112.644409),(3088,12,-1.597514,111.417397),(3089,12,-1.594695,111.413345),(3090,12,-1.591332,111.412857),(3091,12,-3.123509,116.177132),(3092,12,-2.284214,116.111168),(3093,12,0.376306,109.326477),(3094,12,0.669336,117.463753),(3095,12,0.667054,117.464378),(3096,12,0.671905,117.465073),(3097,12,0.674179,117.4645),(3098,12,-2.871889,115.270042),(3099,12,0.543277,110.42524),(3100,12,1.30362,109.83123),(3101,12,-0.639423,117.182076),(3102,12,-1.894541,115.858627),(3103,12,-1.894606,115.859283),(3104,12,-1.888188,115.860336),(3105,12,-3.624655,115.630035),(3106,12,-1.84621,115.859962),(3107,12,-3.625678,115.628304),(3108,12,-2.354536,115.179993),(3109,12,-0.492339,112.18605),(3110,12,-0.717623,114.161766),(3111,12,-0.712897,114.164932),(3112,12,-0.717049,114.16552),(3113,12,1.201244,117.027107),(3114,12,0.666574,117.462372),(3115,12,0.681439,117.563881),(3116,12,0.672072,117.460236),(3117,12,-1.926325,110.116875),(3118,12,-3.023122,115.170021),(3119,12,-1.929707,110.116348),(3120,12,-1.847551,115.86245),(3121,12,-1.864723,115.854805),(3122,12,-1.864172,115.856674),(3123,12,0.190763,110.954659),(3124,12,0.67216,117.461372),(3125,12,0.668487,117.460785),(3126,12,0.670194,117.54525),(3127,12,0.678512,117.564507),(3128,12,0.661147,117.459579),(3129,12,-1.891549,115.863586),(3130,12,-2.364001,110.160072),(3131,12,-2.309444,111.702621),(3132,12,2.761116,117.305374),(3133,12,2.764545,117.305931),(3134,12,0.659725,117.46199),(3135,12,-1.250623,116.819679),(3136,12,0.666465,117.463028),(3137,12,0.671036,117.543922),(3138,12,0.681704,117.563713),(3139,12,0.669835,117.463531),(3140,12,0.673204,117.464066),(3141,12,-2.164232,115.575294),(3142,12,-0.693717,116.261375),(3143,12,-0.582714,117.387016),(3144,12,0.67039,117.459991),(3145,12,-1.86606,115.853889),(3146,12,-3.794548,115.372711),(3147,12,-3.026677,115.171303),(3148,12,-2.32998,115.347565),(3149,12,-2.097935,115.366898),(3150,12,-2.754608,110.293869),(3151,12,-2.096229,115.36747),(3152,12,-3.797571,114.990089),(3153,12,-3.339667,112.487564),(3154,12,-1.096529,117.038269),(3155,12,-3.310793,112.408539),(3156,12,-0.35951,116.921692),(3157,12,4.026031,117.018028),(3158,12,4.021017,117.022453),(3159,12,4.020483,117.018776),(3160,12,4.026565,117.021698),(3161,12,-0.638119,117.181747),(3162,12,-0.642446,117.181007),(3163,12,-1.248695,116.81797),(3164,12,0.668065,117.462944),(3165,12,0.672411,117.4636),(3166,12,0.866411,117.21804),(3167,12,1.197023,117.890488),(3168,12,0.840514,116.801491),(3169,12,0.841066,116.799034),(3170,12,-1.35148,113.08004),(3171,12,-3.356647,112.490662),(3172,12,-1.215126,116.900642),(3173,12,-1.182151,116.754967),(3174,12,-3.319624,112.415565),(3175,12,-0.902933,117.069977),(3176,12,-0.502409,116.181351),(3177,12,-0.645563,116.392204),(3178,12,0.664673,117.005852),(3179,12,0.671385,117.462318),(3180,12,1.127036,117.067406),(3181,12,0.678647,117.563622),(3182,12,0.938988,117.119987),(3183,12,0.325064,116.159767),(3184,12,0.845504,117.984154),(3185,12,-0.216459,117.045479),(3186,12,1.039124,117.015182),(3187,12,3.504154,117.852661),(3188,12,4.271489,117.323593),(3189,12,4.078524,117.246437),(3190,12,-0.638955,117.179214),(3191,12,-0.640643,117.179886),(3192,12,1.864167,117.24852),(3193,12,0.669369,117.461182),(3194,12,0.67537,117.462097),(3195,12,-1.890919,115.86618),(3196,12,-1.890267,115.859177),(3197,12,-3.624835,115.631607),(3198,12,-3.625433,115.62751),(3199,12,-2.757068,116.146667),(3200,12,-1.014858,115.378876),(3201,12,-2.07677,113.009369),(3202,12,1.929988,117.752464),(3203,12,-0.785813,114.992378),(3204,12,0.672555,117.461403),(3205,12,0.665922,117.462395),(3206,12,0.669238,117.461891),(3207,12,1.371274,117.677368),(3208,12,1.106902,117.450211),(3209,12,-1.33914,116.716278),(3210,12,3.789161,116.837227),(3211,12,0.671963,117.461548),(3212,12,0.682621,117.562553),(3213,12,0.665014,117.459007),(3214,12,0.666385,117.460556),(3215,12,0.670584,117.460022),(3216,12,0.660816,117.459488),(3217,12,-1.892931,115.859558),(3218,12,-1.338511,116.654976),(3219,12,-1.338948,116.655243),(3220,12,-2.063129,115.568726),(3221,12,-2.16116,115.581429),(3222,12,-2.192575,115.54557),(3223,12,0.571526,117.496712),(3224,12,-2.155985,115.582047),(3225,12,-1.893416,115.86277),(3226,12,-2.874526,115.266052),(3227,12,-2.876015,112.958145),(3228,12,-2.880357,112.957481),(3229,12,-2.897754,115.247314),(3230,12,-2.898192,115.250206),(3231,12,-3.62822,115.629539),(3232,12,-3.627726,115.626282),(3233,12,-3.626194,115.626755),(3234,12,-3.626661,115.63002),(3235,12,-3.622442,115.627045),(3236,12,-3.734911,116.057655),(3237,12,-3.411672,115.970551),(3238,12,-3.113005,115.88311),(3239,12,-3.113478,115.880333),(3240,12,-3.411712,115.973091),(3241,12,-3.626495,115.631851),(3242,12,-3.627276,115.626495),(3243,12,-1.689439,114.937019),(3244,12,-2.078442,113.00853),(3245,12,-0.777289,115.00708),(3246,12,-1.723812,114.355034),(3247,12,-1.336908,114.808922),(3248,12,-0.228951,115.314903),(3249,12,-2.07786,113.012444),(3250,12,0.26158,116.497345),(3251,12,-1.336941,114.805481),(3252,12,-0.77927,115.010376),(3253,12,0.839746,116.806137),(3254,12,-1.847716,115.862411),(3255,12,-1.607313,116.255531),(3256,12,-1.597755,115.675156),(3257,12,-1.602448,115.676025),(3258,12,-0.640615,117.183014),(3259,12,-0.837524,116.935928),(3260,12,-0.630902,116.791794),(3261,12,-0.635203,116.792465),(3262,12,-1.863257,115.854378),(3263,12,3.4105,117.660309),(3264,12,4.246986,117.360657),(3265,12,2.114929,117.400253),(3266,12,-1.871732,115.861855),(3267,12,-1.338554,116.657936),(3268,12,-1.337155,116.656418),(3269,12,0.671058,117.462914),(3270,12,-1.891393,115.863464),(3271,12,0.66702,117.46225),(3272,12,-2.062724,115.572098),(3273,12,0.6803,117.562584),(3274,12,1.196306,117.018654),(3275,12,-1.866552,115.853287),(3276,12,-0.678039,117.259842),(3277,12,0.094152,117.465881),(3278,12,-2.786487,113.657074),(3279,12,-2.160439,115.582199),(3280,12,-3.624875,115.628967),(3281,12,-2.156686,115.582718),(3282,12,-0.904081,117.105232),(3283,12,-0.90474,117.105423),(3284,12,-0.90538,117.101326),(3285,12,-0.748148,116.016144),(3286,12,-0.570644,116.536591),(3287,12,-0.569004,116.53878),(3288,12,-2.165375,115.575745),(3289,12,-2.164294,115.578156),(3290,12,-2.164562,115.581131),(3291,12,0.60075,116.668495),(3292,12,0.600095,116.664314),(3293,12,0.692057,117.065178),(3294,12,0.710197,117.106995),(3295,12,-1.865098,115.856689),(3296,12,0.268869,116.493507),(3297,12,0.26627,116.493042),(3298,12,1.320455,116.613663),(3299,12,3.629839,117.466385),(3300,12,3.624524,117.467285),(3301,12,3.401203,116.961304),(3302,12,3.401806,116.964951),(3303,12,3.629298,117.463081),(3304,12,3.630377,117.469704),(3305,12,0.874502,117.703255),(3306,12,0.786766,117.02813),(3307,12,0.692461,117.062668),(3308,12,0.711527,117.108238),(3309,12,-1.894599,115.863953),(3310,12,-1.895752,115.85704),(3311,12,-3.62638,115.629517),(3312,12,2.116098,117.400993),(3313,12,3.40236,116.96534),(3314,12,1.280844,117.892059),(3315,12,-1.427042,116.392052),(3316,12,-0.086083,117.438507),(3317,12,0.654432,117.444649),(3318,12,0.840294,116.799049),(3319,12,1.438864,117.167732),(3320,12,-0.443532,115.598373),(3321,12,-1.336764,116.656723),(3322,12,-0.446497,117.258354),(3323,12,-0.64093,117.182442),(3324,12,1.866051,117.248596),(3325,12,0.671653,117.461288),(3326,12,0.827461,117.527908),(3327,12,0.808169,117.542572),(3328,12,0.668338,117.46077),(3329,12,0.667794,117.464226),(3330,12,0.66448,117.463707),(3331,12,0.661165,117.463188),(3332,12,0.671883,117.546135),(3333,12,0.67966,117.561501),(3334,12,0.679116,117.564949),(3335,12,0.94496,117.122581),(3336,12,0.671109,117.464745),(3337,12,1.198372,117.017464),(3338,12,0.571187,117.498817),(3339,12,0.631558,117.547104),(3340,12,-1.880474,115.852333),(3341,12,-1.847691,115.861099),(3342,12,-1.874904,115.860359),(3343,12,-2.159276,115.582916),(3344,12,-2.142112,115.451851),(3345,12,-2.164862,115.574837),(3346,12,-3.62409,115.629601),(3347,12,-3.62464,115.63308),(3348,12,-3.627418,115.629082),(3349,12,-3.627967,115.632561),(3350,12,-2.976329,115.95887),(3351,12,-1.863806,115.854965),(3352,12,-1.867138,115.854424),(3353,12,-1.892669,115.864746),(3354,12,-2.474846,116.00164),(3355,12,-0.921118,116.989731),(3356,12,-0.916274,116.990295),(3357,12,1.011663,116.847733),(3358,12,-0.435542,116.91198),(3359,12,0.274877,116.492401),(3360,12,-1.329194,114.388161),(3361,12,0.273551,116.500885),(3362,12,0.342697,116.390793),(3363,12,0.272977,116.497086),(3364,12,1.338049,117.217232),(3365,12,-0.27318,115.670349),(3366,12,0.337105,116.39164),(3367,12,1.34113,117.214081),(3368,12,1.341803,117.218407),(3369,12,0.267922,116.501732),(3370,12,0.272406,116.493317),(3371,12,-1.329486,114.386581),(3372,12,-0.545547,117.03894),(3373,12,0.270449,116.500778),(3374,12,-0.274864,115.66835),(3375,12,0.337692,116.395386),(3376,12,2.244421,118.036201),(3377,12,2.243649,118.030952),(3378,12,2.218961,117.224785),(3379,12,-0.58372,117.384247),(3380,12,-0.639309,117.179871),(3381,12,-0.640095,117.184776),(3382,12,-0.643993,117.184105),(3383,12,0.671502,117.463097),(3384,12,0.829681,117.526779),(3385,12,0.828974,117.529686),(3386,12,0.667589,117.462509),(3387,12,0.679643,117.564278),(3388,12,1.510049,118.247704),(3389,12,0.09536,117.466125),(3390,12,-3.145408,115.955551),(3391,12,-1.274925,114.294189),(3392,12,-0.08315,116.744476),(3393,12,-1.030316,116.765282),(3394,12,-0.46262,117.022301),(3395,12,-0.465174,117.02227),(3396,12,1.461968,117.098686),(3397,12,0.78844,117.058144),(3398,12,0.872386,117.698174),(3399,12,0.876882,117.697807),(3400,12,0.845962,117.20475),(3401,12,0.290662,117.464722),(3402,12,0.850802,116.929741),(3403,12,0.847318,116.906586),(3404,12,0.843352,116.966454),(3405,12,0.988852,117.077049),(3406,12,1.198581,117.042465),(3407,12,1.199863,117.021973),(3408,12,1.199264,117.017998),(3409,12,0.343027,116.391136),(3410,12,0.278369,116.485092),(3411,12,0.292722,116.578476),(3412,12,0.850493,116.985252),(3413,12,0.262212,116.597801),(3414,12,0.338986,116.391739),(3415,12,0.280567,116.499405),(3416,12,0.275404,116.492851),(3417,12,0.280017,116.495827),(3418,12,0.347394,116.365524),(3419,12,0.262761,116.60144),(3420,12,0.422694,116.288712),(3421,12,0.846739,116.902733),(3422,12,0.093956,117.468872),(3423,12,0.642368,117.30883),(3424,12,0.993071,117.845177),(3425,12,1.377518,117.761528),(3426,12,-0.169742,116.400848),(3427,12,0.883153,118.196823),(3428,12,0.27376,116.482124),(3429,12,0.275952,116.496429),(3430,12,0.274308,116.48571),(3431,12,0.266854,116.600822),(3432,12,0.846163,116.898918),(3433,12,2.044107,117.783318),(3434,12,4.104442,116.882156),(3435,12,3.167693,117.362144),(3436,12,4.134846,116.904495),(3437,12,4.138072,116.904312),(3438,12,2.366085,117.052246),(3439,12,-0.582906,117.383369),(3440,12,0.828073,117.528992),(3441,12,0.668601,117.464256),(3442,12,0.67462,117.546982),(3443,12,0.672398,117.544861),(3444,12,0.683354,117.561897),(3445,12,0.680501,117.563087),(3446,12,0.67453,117.461769),(3447,12,0.674008,117.465057),(3448,12,1.199408,117.891113),(3449,12,0.095918,117.466454),(3450,12,-0.58091,117.383415),(3451,12,-0.642053,117.180855),(3452,12,-0.643364,117.179588),(3453,12,-0.705026,117.132553),(3454,12,0.864136,117.712585),(3455,12,0.944289,117.733994),(3456,12,0.825885,117.529564),(3457,12,0.290275,117.472099),(3458,12,0.329201,117.517242),(3459,12,0.29082,117.475662),(3460,12,0.431978,117.549004),(3461,12,-1.893276,115.864914),(3462,12,-1.570232,113.414085),(3463,12,0.029558,117.428741),(3464,12,0.093792,117.466423),(3465,12,0.09535,117.468925),(3466,12,-0.326216,117.313362),(3467,12,1.212867,117.644241),(3468,12,3.982323,116.97879),(3469,12,1.009412,117.052528),(3470,12,1.149196,117.728996),(3471,12,0.682488,117.558266),(3472,12,0.683586,117.562935),(3473,12,-0.581857,117.385773),(3474,12,0.684498,117.563049),(3475,12,0.678283,117.561897),(3476,12,0.711805,117.633575),(3477,12,0.669062,117.460388),(3478,12,0.662897,117.459198),(3479,12,0.652921,117.442314),(3480,12,-3.62765,115.627945),(3481,12,-0.427469,115.936821),(3482,12,-0.593904,115.123154),(3483,12,-1.321746,115.293839),(3484,12,-0.081697,115.70932),(3485,12,-2.24367,116.568542),(3486,12,-2.243311,116.568558),(3487,12,-1.159499,116.58905),(3488,12,-1.160825,116.591492),(3489,12,-1.865423,115.856171),(3490,12,0.673171,117.463898),(3491,12,0.900484,116.804146),(3492,12,4.15388,116.891327),(3493,12,2.114045,117.398941),(3494,12,2.113696,117.400787),(3495,12,-1.89491,115.863068),(3496,12,-1.873319,115.862518),(3497,12,-1.890707,115.863708),(3498,12,-2.899771,115.249428),(3499,12,-3.6252,115.627739),(3500,12,-3.628949,115.62841),(3501,12,-3.625809,115.631699),(3502,12,-3.030959,115.164215),(3503,12,-3.025005,115.171822),(3504,12,-2.873319,115.268349),(3505,12,-3.023872,115.172714),(3506,12,-2.876865,115.264099),(3507,12,-1.384089,114.857964),(3508,12,-2.996792,115.205673),(3509,12,-1.380182,114.858566),(3510,12,-2.779817,116.328247),(3511,12,-2.212045,116.487305),(3512,12,-2.938325,115.320419),(3513,12,1.282656,117.085251),(3514,12,1.192696,117.027283),(3515,12,1.197818,117.026535),(3516,12,0.095029,117.466454),(3517,12,0.846316,116.902031),(3518,12,-0.217505,116.878693),(3519,12,-0.216588,116.876274),(3520,12,2.232659,117.054008),(3521,12,1.461553,118.288918),(3522,12,1.719963,117.201431),(3523,12,0.874443,116.870468),(3524,12,3.471571,116.479904),(3525,12,-0.102477,109.462204),(3526,12,1.512235,109.143822),(3527,12,1.865344,117.248924),(3528,12,0.665168,117.462982),(3529,12,0.66859,117.463531),(3530,12,0.673136,117.543907),(3531,12,0.680468,117.56414),(3532,12,0.672012,117.464066),(3533,12,0.671432,117.467781),(3534,12,0.672591,117.46035),(3535,12,0.090999,117.471725),(3536,12,0.658328,117.461861),(3537,12,0.653808,117.445953),(3538,12,2.190295,117.778374),(3539,12,-1.872215,115.862),(3540,12,-1.892395,115.866112),(3541,12,-1.89185,115.862617),(3542,12,-1.895733,115.865593),(3543,12,-2.208282,116.349747),(3544,12,-0.641996,117.182785),(3545,12,-2.062968,115.571922),(3546,12,-2.159909,115.581703),(3547,12,-3.624504,115.627563),(3548,12,-1.863892,115.852562),(3549,12,0.262212,116.465698),(3550,12,0.263913,116.464149),(3551,12,2.337147,117.956123),(3552,12,0.673454,117.464912),(3553,12,1.195279,116.991234),(3554,12,1.194369,116.989609),(3555,12,-3.623506,115.62867),(3556,12,-3.62512,115.627136),(3557,12,0.261686,116.461258),(3558,12,0.26065,116.463074),(3559,12,0.261397,116.467964),(3560,12,-0.247771,117.383331),(3561,12,0.262462,116.466103),(3562,12,1.039812,117.01416),(3563,12,2.110255,117.194107),(3564,12,2.11114,117.20005),(3565,12,1.205234,117.013885),(3566,12,1.204532,117.013557),(3567,12,0.688601,117.105232),(3568,12,-0.640075,117.183029),(3569,12,-2.824792,110.774071),(3570,12,-2.675694,111.288841),(3571,12,-0.035337,109.343597),(3572,12,-2.898384,115.247231),(3573,12,0.670406,117.462685),(3574,12,0.574636,117.499237),(3575,12,0.67107,117.461212),(3576,12,0.681,117.562019),(3577,12,0.987138,117.66468),(3578,12,0.666051,117.460335),(3579,12,0.661037,117.459419),(3580,12,0.574456,117.495468),(3581,12,0.573975,117.498512),(3582,12,0.346018,116.40567),(3583,12,0.347434,116.403442),(3584,12,-1.846132,115.862633),(3585,12,-3.624089,115.629486),(3586,12,-3.628845,115.628685),(3587,12,-3.623397,115.62796),(3588,12,-3.612156,115.792267),(3589,12,-1.863258,115.855133),(3590,12,-3.612637,115.788849),(3591,12,-3.173301,114.434097),(3592,12,0.345866,116.400879),(3593,12,0.350724,116.400177),(3594,12,0.08816,116.203102),(3595,12,0.348378,116.403336),(3596,12,0.90184,118.168175),(3597,12,-0.086979,116.754913),(3598,12,0.787193,117.030373),(3599,12,0.667826,117.462288),(3600,12,1.148264,117.729744),(3601,12,1.164445,117.718681),(3602,12,3.402216,116.966522),(3603,12,1.863777,117.246552),(3604,12,0.666848,117.461594),(3605,12,0.548447,117.239815),(3606,12,0.679894,117.559303),(3607,12,0.679189,117.563675),(3608,12,0.681492,117.56179),(3609,12,0.677798,117.561172),(3610,12,1.197516,117.02137),(3611,12,-1.873696,115.861809),(3612,12,-1.891789,115.862946),(3613,12,0.095666,117.466278),(3614,12,-3.168367,115.268799),(3615,12,-3.624666,115.627647),(3616,12,3.384743,117.639343),(3617,12,-2.380229,111.464958),(3618,12,-2.380406,111.462051),(3619,12,-2.381055,111.459885),(3620,12,0.613581,109.004456),(3621,12,1.424909,109.608749),(3622,12,1.425787,109.606728),(3623,12,0.756944,109.010933),(3624,12,1.86429,117.249023),(3625,12,-2.362755,110.15979),(3626,12,-1.897002,115.863228),(3627,12,-0.776142,116.901245),(3628,12,-2.901424,115.248047),(3629,12,-1.89232,115.862518),(3630,12,-0.647052,116.941498),(3631,12,1.152594,117.727364),(3632,12,0.376076,116.236038),(3633,12,1.521748,109.108345),(3634,12,1.341102,116.784157),(3635,12,1.518387,109.108833),(3636,12,1.340594,116.780815),(3637,12,0.240905,116.683548),(3638,12,1.86422,117.248856),(3639,12,0.922893,117.883232),(3640,12,0.703135,116.499916),(3641,12,-1.864816,115.855049),(3642,12,1.107171,117.851173),(3643,12,1.19313,117.703354),(3644,12,4.04313,117.729332),(3645,12,0.0931,117.469597),(3646,12,0.093695,117.465714),(3647,12,0.671655,117.461838),(3648,12,0.666066,117.460838),(3649,12,0.671031,117.465744),(3650,12,0.660487,117.459778),(3651,12,0.667595,117.463432),(3652,12,1.736285,117.106339),(3653,12,1.735935,117.105453),(3654,12,2.244328,117.634804),(3655,12,3.39114,116.992401),(3656,12,3.257042,116.064568),(3657,12,3.387162,116.993042),(3658,12,1.379304,109.115593),(3659,12,-0.751821,117.032112),(3660,12,0.667375,117.463051),(3661,12,0.68053,117.559891),(3662,12,0.679941,117.563522),(3663,12,0.680783,117.564384),(3664,12,0.671988,117.460098),(3665,12,-1.874337,115.860283),(3666,12,-2.06156,115.570679),(3667,12,-1.973742,115.873329),(3668,12,2.788411,116.98838),(3669,12,2.789001,116.992012),(3670,12,3.988338,117.24794),(3671,12,3.988882,117.244461),(3672,12,3.991663,117.248459),(3673,12,0.150273,111.578735),(3674,12,-0.752391,117.032272),(3675,12,-3.625394,115.628723),(3676,12,-3.123145,113.97818),(3677,12,0.426108,116.647705),(3678,12,0.702832,110.488373),(3679,12,1.446787,109.675674),(3680,12,-1.268453,113.860527),(3681,12,0.83382,117.567703),(3682,12,0.669029,117.462967),(3683,12,0.67442,117.463806),(3684,12,0.575546,117.497261),(3685,12,-3.622413,115.630569),(3686,12,-3.621776,115.626686),(3687,12,-3.623409,115.628311),(3688,12,-3.627461,115.625694),(3689,12,-3.626572,115.630844),(3690,12,-3.627115,115.627258),(3691,12,-1.894062,115.864311),(3692,12,-0.456717,117.304916),(3693,12,0.572959,117.498856),(3694,12,0.607772,117.296494),(3695,12,-2.358878,110.339355),(3696,12,-0.356283,117.401772),(3697,12,-1.689475,113.123878),(3698,12,3.301248,117.652519),(3699,12,0.665406,117.462646),(3700,12,0.67019,117.461143),(3701,12,0.185513,117.485947),(3702,12,-3.626114,115.628479),(3703,12,-2.398325,115.614174),(3704,12,-2.596457,116.351082),(3705,12,-2.600553,116.351669),(3706,12,-1.7636,116.156479),(3707,12,-1.732172,116.147858),(3708,12,-1.893948,116.001076),(3709,12,-0.92309,117.109238),(3710,12,-0.883958,117.084457),(3711,12,-2.906208,115.820404),(3712,12,-3.627153,115.629211),(3713,12,-1.988921,116.175903),(3714,12,-1.339435,114.750732),(3715,12,-1.101318,115.319969),(3716,12,-0.323198,117.356499),(3717,12,-1.534167,115.243965),(3718,12,-1.529826,115.243324),(3719,12,0.176249,117.482887),(3720,12,-0.015594,117.350983),(3721,12,-2.363,110.16185),(3722,12,-1.89402,115.860878),(3723,12,-2.060385,115.569489),(3724,12,-2.898993,115.249649),(3725,12,-2.157189,115.580803),(3726,12,-1.865843,115.856117),(3727,12,-0.321993,117.352715),(3728,12,-0.026726,117.339996),(3729,12,-0.026279,117.342934),(3730,12,-0.122319,117.450676),(3731,12,0.703365,117.15538),(3732,12,0.700207,117.154709),(3733,12,0.671857,117.461548),(3734,12,0.668432,117.461006),(3735,12,0.679958,117.565575),(3736,12,0.867387,117.217674),(3737,12,0.661929,117.460472),(3738,12,0.674689,117.465797),(3739,12,0.095591,117.466675),(3740,12,-1.448175,113.291183),(3741,12,-1.596398,113.433052),(3742,12,-1.845872,115.861824),(3743,12,-1.873132,115.861221),(3744,12,-1.89092,115.865608),(3745,12,-1.894258,115.865089),(3746,12,-1.560107,113.664238),(3747,12,-1.0735,117.035828),(3748,12,-2.900082,115.249603),(3749,12,-1.490431,113.864876);

/*Table structure for table `process` */

DROP TABLE IF EXISTS `process`;

CREATE TABLE `process` (
  `process_id` bigint(20) NOT NULL AUTO_INCREMENT,
  `data_id` bigint(20) DEFAULT NULL,
  `type` varchar(50) DEFAULT NULL COMMENT 'K-mean/GAP',
  `individu` int(11) DEFAULT NULL,
  `cluster` int(11) DEFAULT NULL,
  `iterasi` bigint(20) DEFAULT NULL,
  `mutation_rate` double DEFAULT NULL,
  `crossover_rate` double DEFAULT NULL,
  `f_objektif` double DEFAULT NULL,
  `time` text DEFAULT NULL,
  `date` datetime DEFAULT NULL,
  PRIMARY KEY (`process_id`)
) ENGINE=InnoDB AUTO_INCREMENT=155 DEFAULT CHARSET=utf8mb4;

/*Data for the table `process` */

insert  into `process`(`process_id`,`data_id`,`type`,`individu`,`cluster`,`iterasi`,`mutation_rate`,`crossover_rate`,`f_objektif`,`time`,`date`) values (1,12,'GA',15,4,500,0.1,0.6,777.73135147501,'8.95081782341','2021-09-14 08:15:50'),(2,12,'GAP',15,4,500,0.1,0.6,741.76072393982,'9.7064838409424','2021-09-14 08:16:35'),(3,12,'GAP',15,4,500,0.1,0.6,804.03893093912,'9.2517349720001','2021-09-14 08:17:03'),(4,12,'GAP',15,4,500,0.1,0.6,824.91409650465,'11.647131919861','2021-09-14 08:17:26'),(5,12,'GAP',15,4,500,0.1,0.6,863.00037564577,'9.0427379608154','2021-09-14 08:17:41'),(6,12,'GAP',15,4,500,0.1,0.6,750.10112085644,'11.07936501503','2021-09-14 08:18:04'),(7,12,'GAP',15,4,500,0.1,0.6,729.71153397131,'10.407455921173','2021-09-14 08:18:30'),(8,12,'GAP',15,4,500,0.1,0.6,777.345497426,'12.038313865662','2021-09-14 08:18:58'),(9,12,'GA',15,4,500,0.1,0.6,835.20350023607,'7.0250489711761','2021-09-14 08:19:17'),(10,12,'GA',15,4,500,0.1,0.6,764.41361246294,'11.588757038116','2021-09-14 08:19:39'),(11,12,'GA',15,4,500,0.1,0.6,756.38659633708,'11.274587154388','2021-09-14 08:20:01'),(12,12,'GA',15,4,500,0.1,0.6,707.82788949912,'13.029397964478','2021-09-14 08:20:20'),(13,12,'GA',15,4,500,0.1,0.6,828.26712348227,'10.680770158768','2021-09-14 08:20:40'),(14,12,'GA',15,4,500,0.1,0.6,728.82819977246,'18.304083108902','2021-09-14 08:21:08'),(15,12,'GAP',15,4,500,0.1,0.6,787.5121678087,'9.2287490367889','2021-09-14 08:21:50'),(16,12,'GAP',15,4,500,0.1,0.6,851.8424829462,'10.883903026581','2021-09-14 08:22:18'),(17,12,'GA',15,4,500,0.1,0.6,760.82248349587,'10.865055084229','2021-09-14 08:22:48'),(18,12,'GA',15,4,500,0.1,0.6,829.63906600782,'8.731477022171','2021-09-14 08:24:38'),(19,12,'GA',15,4,500,0.1,0.6,794.14007439219,'10.114326000214','2021-09-14 08:25:07'),(20,12,'GAP',15,4,500,0.1,0.6,758.32594224493,'11.752937078476','2021-09-14 08:25:39'),(21,12,'GAP',15,4,500,0.1,0.6,804.94169154509,'12.104041099548','2021-09-14 08:26:04'),(22,12,'GA',15,4,500,0.1,0.6,734.37358811725,'12.371803045273','2021-09-14 08:26:26'),(23,12,'GA',15,4,500,0.1,0.6,761.82438747707,'11.260838031769','2021-09-14 08:27:07'),(24,12,'GA',15,4,500,0.1,0.7,739.94274239851,'6.872141122818','2021-09-14 08:27:38'),(25,12,'GA',15,4,500,0.1,0.7,766.60816310002,'15.513443946838','2021-09-14 08:28:08'),(26,12,'GA',15,4,500,0.1,0.7,830.87279622208,'8.579244852066','2021-09-14 08:28:17'),(27,12,'GA',15,4,500,0.1,0.7,808.84176790148,'12.599698066711','2021-09-14 08:28:39'),(28,12,'GA',15,4,500,0.1,0.7,882.55672214242,'11.169592142105','2021-09-14 08:29:12'),(29,12,'GA',15,4,500,0.1,0.7,818.7211026545,'18.127829790115','2021-09-14 08:29:36'),(30,12,'GA',15,4,500,0.1,0.7,828.87794295288,'10.120350122452','2021-09-14 08:29:55'),(31,12,'GAP',15,4,500,0.1,0.7,812.57059131558,'15.19814491272','2021-09-14 08:30:20'),(32,12,'GAP',15,4,500,0.1,0.7,853.07561124813,'14.407637834549','2021-09-14 08:30:45'),(33,12,'GAP',15,4,500,0.1,0.7,768.9736851207,'16.535035848618','2021-09-14 08:31:04'),(34,12,'GAP',15,4,500,0.1,0.7,763.74413894964,'15.884552955627','2021-09-14 08:31:39'),(35,12,'GAP',15,4,500,0.1,0.7,690.69277628933,'12.982634067535','2021-09-14 08:32:03'),(36,12,'GAP',15,4,500,0.1,0.7,771.18672145676,'11.292949914932','2021-09-14 08:32:31'),(37,12,'GA',15,4,500,0.1,0.7,727.46273481376,'13.666077136993','2021-09-14 08:33:35'),(38,12,'GAP',15,4,500,0.1,0.7,798.715497518,'12.9568400383','2021-09-14 08:33:48'),(39,12,'GAP',15,4,500,0.1,0.7,773.19067203748,'14.257618904114','2021-09-14 08:35:04'),(40,12,'GA',15,4,500,0.1,0.8,823.43958646445,'14.388398170471','2021-09-14 08:55:26'),(41,12,'GA',15,4,500,0.1,0.8,771.28319982368,'21.542657852173','2021-09-14 09:00:48'),(42,12,'GA',15,4,500,0.1,0.8,796.53173516196,'17.048763990402','2021-09-14 09:01:24'),(43,12,'GA',15,4,500,0.1,0.8,754.35360586285,'23.49936413765','2021-09-14 09:04:12'),(44,12,'GA',15,4,500,0.1,0.8,679.86973346694,'19.221107006073','2021-09-14 09:04:46'),(45,12,'GA',15,4,500,0.1,0.8,732.41245288842,'10.622776031494','2021-09-14 09:08:27'),(46,12,'GA',15,4,500,0.1,0.8,804.69955810694,'17.024649858475','2021-09-14 09:09:16'),(47,12,'GA',15,4,500,0.1,0.8,861.15692321199,'15.769658088684','2021-09-14 09:13:54'),(48,12,'GAP',15,4,500,0.1,0.8,761.57469361571,'13.864680767059','2021-09-14 09:15:29'),(49,12,'GAP',15,4,500,0.1,0.8,764.16727102978,'19.698329210281','2021-09-14 09:15:55'),(50,12,'GAP',15,4,500,0.1,0.8,754.31362319206,'15.108859062195','2021-09-14 09:16:16'),(51,12,'GAP',15,4,500,0.1,0.8,749.3394198992,'21.383351802826','2021-09-14 09:16:48'),(52,12,'GAP',15,4,500,0.1,0.8,798.31424549519,'21.198897838593','2021-09-14 09:17:16'),(53,12,'GAP',15,4,500,0.1,0.8,773.440566645,'13.990755081177','2021-09-14 09:21:06'),(54,12,'GAP',15,4,500,0.1,0.8,801.88637748575,'13.495866060257','2021-09-14 09:22:14'),(55,12,'GAP',15,4,500,0.1,0.8,772.03476144135,'17.94970202446','2021-09-14 09:23:55'),(56,12,'GAP',15,4,500,0.1,0.8,671.15738778015,'17.520904064178','2021-09-14 09:28:38'),(57,12,'GA',15,4,500,0.2,0.6,789.95082403386,'11.726777791977','2021-09-14 09:34:59'),(58,12,'GA',15,4,500,0.2,0.6,724.76810552059,'10.083564043045','2021-09-14 09:35:23'),(59,12,'GA',15,4,500,0.2,0.6,787.3250762114,'13.989533901215','2021-09-14 09:35:54'),(60,12,'GA',15,4,500,0.2,0.6,799.98767333379,'10.416970968246','2021-09-14 09:36:19'),(61,12,'GA',15,4,500,0.2,0.6,762.95283735966,'12.594017982483','2021-09-14 09:36:31'),(62,12,'GA',15,4,500,0.2,0.6,789.03482165798,'12.540495872498','2021-09-14 09:37:10'),(63,12,'GA',15,4,500,0.2,0.6,764.34178094787,'12.121748924255','2021-09-14 09:37:30'),(64,12,'GAP',15,4,500,0.2,0.6,753.23724344616,'11.912616968155','2021-09-14 09:37:57'),(65,12,'GAP',15,4,500,0.2,0.6,764.39890879279,'12.496016979218','2021-09-14 09:38:24'),(66,12,'GAP',15,4,500,0.2,0.6,720.32660453549,'17.170812129974','2021-09-14 09:39:07'),(67,12,'GAP',15,4,500,0.2,0.6,753.21438698324,'12.062477827072','2021-09-14 09:39:53'),(68,12,'GAP',15,4,500,0.2,0.6,766.20406909311,'11.207342147827','2021-09-14 09:41:11'),(69,12,'GAP',15,4,500,0.2,0.6,723.99913332115,'10.661288976669','2021-09-14 09:41:41'),(70,12,'GAP',15,4,500,0.2,0.6,746.28346626233,'17.817117929459','2021-09-14 09:42:05'),(71,12,'GAP',15,4,500,0.2,0.6,781.99580662907,'13.888828992844','2021-09-14 09:45:21'),(72,12,'GAP',15,4,500,0.2,0.6,760.45480872449,'15.852931976318','2021-09-14 12:24:03'),(73,12,'GAP',15,4,500,0.2,0.6,811.35715200004,'11.610996961594','2021-09-14 12:27:56'),(74,12,'GAP',15,4,500,0.2,0.7,730.93271794858,'15.338327884674','2021-09-14 12:48:09'),(75,12,'GA',15,4,500,0.2,0.7,708.64090319798,'16.240494012833','2021-09-14 12:49:57'),(76,12,'GA',15,4,500,0.2,0.7,795.35072776782,'24.753628015518','2021-09-14 12:50:55'),(77,12,'GA',15,4,500,0.2,0.7,748.68215229511,'15.592236042023','2021-09-14 12:53:29'),(78,12,'GA',15,4,500,0.2,0.7,795.35070580219,'21.92155790329','2021-09-14 12:54:03'),(79,12,'GA',15,4,500,0.2,0.7,795.08953727526,'19.301352977753','2021-09-14 12:54:35'),(80,12,'GA',15,4,500,0.2,0.7,750.5693751158,'15.084489107132','2021-09-14 13:06:23'),(81,12,'GA',15,4,500,0.2,0.7,756.1144131591,'13.880783081055','2021-09-14 13:06:41'),(82,12,'GAP',15,4,500,0.2,0.7,749.47380213655,'13.893515825272','2021-09-14 13:07:08'),(83,12,'GAP',15,4,500,0.2,0.7,711.2765635728,'24.828161001205','2021-09-14 13:07:50'),(84,12,'GAP',15,4,500,0.2,0.7,807.97794290019,'21.730551958084','2021-09-14 13:08:25'),(85,12,'GAP',15,4,500,0.2,0.7,761.71668106182,'20.689885139465','2021-09-14 13:09:07'),(86,12,'GAP',15,4,500,0.2,0.7,718.76040194969,'18.009881019592','2021-09-14 13:09:31'),(87,12,'GAP',15,4,500,0.2,0.7,792.85268325303,'18.944098949432','2021-09-14 13:10:11'),(88,12,'GAP',15,4,500,0.2,0.7,768.85425471758,'23.905755996704','2021-09-14 13:10:41'),(89,12,'GAP',15,4,500,0.2,0.7,767.64473951648,'20.333590984344','2021-09-14 13:11:08'),(90,12,'GA',15,4,500,0.2,0.8,734.14241529249,'21.615041017532','2021-09-14 13:11:41'),(91,12,'GA',15,4,500,0.2,0.8,755.2910757573,'20.128386974335','2021-09-14 13:12:08'),(92,12,'GA',15,4,500,0.2,0.8,788.3245762181,'11.900851964951','2021-09-14 13:12:41'),(93,12,'GA',15,4,500,0.2,0.8,805.84529405215,'21.379376888275','2021-09-14 13:13:26'),(94,12,'GA',15,4,500,0.2,0.8,714.70379264622,'17.136730909348','2021-09-14 13:14:12'),(95,12,'GA',15,4,500,0.2,0.8,767.67582634558,'11.159182071686','2021-09-14 13:15:32'),(96,12,'GA',15,4,500,0.2,0.8,785.1187383951,'15.730395078659','2021-09-14 13:16:01'),(97,12,'GAP',15,4,500,0.2,0.8,788.85961835969,'21.792631149292','2021-09-14 13:17:04'),(98,12,'GAP',15,4,500,0.2,0.8,747.95841506807,'16.744653940201','2021-09-14 13:18:16'),(99,12,'GAP',15,4,500,0.2,0.8,747.17584171653,'17.01905298233','2021-09-14 13:18:45'),(100,12,'GAP',15,4,500,0.2,0.8,709.82341985972,'22.938166856766','2021-09-14 13:19:23'),(101,12,'GAP',15,4,500,0.2,0.8,717.32179784094,'20.007333040237','2021-09-14 13:19:53'),(102,12,'GAP',15,4,500,0.2,0.8,772.46532165483,'15.415306091309','2021-09-14 13:20:33'),(103,12,'GAP',15,4,500,0.2,0.8,781.40161730603,'16.902586936951','2021-09-14 13:21:03'),(104,12,'GAP',15,4,500,0.2,0.8,711.12210695649,'19.194861888885','2021-09-14 13:21:33'),(105,12,'GA',15,4,500,0.3,0.6,747.83505528042,'19.580899953842','2021-09-14 13:22:30'),(106,12,'GA',15,4,500,0.3,0.6,730.06984281874,'12.931967973709','2021-09-14 13:23:00'),(107,12,'GA',15,4,500,0.3,0.6,760.47825983988,'16.058062076569','2021-09-14 13:24:11'),(108,12,'GA',15,4,500,0.3,0.6,724.29865307191,'13.904988050461','2021-09-14 13:24:47'),(109,12,'GA',15,4,500,0.3,0.6,747.49047233548,'15.623821973801','2021-09-14 13:25:29'),(110,12,'GA',15,4,500,0.3,0.6,724.25356451325,'19.986790895462','2021-09-14 13:25:49'),(111,12,'GA',15,4,500,0.3,0.6,763.13989097381,'10.735311985016','2021-09-14 13:26:24'),(112,12,'GA',15,4,500,0.3,0.6,758.08698262548,'16.243733167648','2021-09-14 13:27:20'),(113,12,'GAP',15,4,500,0.3,0.6,713.91636915638,'20.526930093765','2021-09-14 13:27:53'),(114,12,'GAP',15,4,500,0.3,0.6,687.61233086359,'22.132694959641','2021-09-14 13:28:27'),(115,12,'GAP',15,4,500,0.3,0.6,733.14310811921,'19.69705915451','2021-09-14 13:30:30'),(116,12,'GAP',15,4,500,0.3,0.6,744.11628521168,'19.972992897034','2021-09-14 13:32:33'),(117,12,'GAP',15,4,500,0.3,0.6,732.46036515369,'14.530174970627','2021-09-14 13:35:32'),(118,12,'GAP',15,4,500,0.3,0.6,739.64220640543,'19.738082885742','2021-09-14 13:36:09'),(119,12,'GAP',15,4,500,0.3,0.6,707.31445247006,'14.451999902725','2021-09-14 13:36:40'),(120,12,'GAP',15,4,500,0.3,0.6,772.58730257999,'19.448863983154','2021-09-14 13:37:18'),(121,12,'GA',15,4,500,0.3,0.7,803.0846668431,'18.607417106628','2021-09-14 13:39:05'),(122,12,'GA',15,4,500,0.3,0.7,736.00425677191,'22.573445081711','2021-09-14 13:41:43'),(123,12,'GA',15,4,500,0.3,0.7,714.92461532797,'19.070807933807','2021-09-14 13:42:13'),(124,12,'GA',15,4,500,0.3,0.7,682.74437011993,'22.090608119965','2021-09-14 13:42:46'),(125,12,'GA',15,4,500,0.3,0.7,733.91137540215,'15.476585149765','2021-09-14 13:43:13'),(126,12,'GA',15,4,500,0.3,0.7,722.14425354742,'17.091262102127','2021-09-14 13:43:47'),(127,12,'GA',15,4,500,0.3,0.7,774.75549952333,'17.76065993309','2021-09-14 13:44:20'),(128,12,'GAP',15,4,500,0.3,0.7,756.96922679291,'20.322936058044','2021-09-14 13:44:49'),(129,12,'GAP',15,4,500,0.3,0.7,740.29993061507,'21.919996976852','2021-09-14 13:45:31'),(130,12,'GAP',15,4,500,0.3,0.7,753.79831793874,'23.406919956207','2021-09-14 13:46:03'),(131,12,'GAP',15,4,500,0.3,0.7,698.3261829348,'21.125972032547','2021-09-14 13:46:28'),(132,12,'GAP',15,4,500,0.3,0.7,746.13618266918,'13.275645971298','2021-09-14 13:46:45'),(133,12,'GAP',15,4,500,0.3,0.7,695.5828364508,'20.845309972763','2021-09-14 13:47:15'),(134,12,'GAP',15,4,500,0.3,0.7,720.82793818374,'18.601022958755','2021-09-14 13:47:36'),(135,12,'GAP',15,4,500,0.3,0.7,693.41556012228,'18.70143198967','2021-09-14 13:48:08'),(136,12,'GA',15,4,500,0.3,0.8,721.95833119449,'19.276333808899','2021-09-14 13:49:38'),(137,12,'GA',15,4,500,0.3,0.8,698.27168271926,'17.861666917801','2021-09-14 13:50:05'),(138,12,'GA',15,4,500,0.3,0.8,708.02796181702,'21.129852056503','2021-09-14 13:50:38'),(139,12,'GA',15,4,500,0.3,0.8,741.2982948021,'21.05283498764','2021-09-14 13:51:10'),(140,12,'GA',15,4,500,0.3,0.8,797.0927819979,'17.184561014175','2021-09-14 13:52:45'),(141,12,'GA',15,4,500,0.3,0.8,813.6909515983,'21.082253932953','2021-09-14 13:53:15'),(142,12,'GA',15,4,500,0.3,0.8,703.25215604323,'18.635605096817','2021-09-14 13:53:40'),(143,12,'GA',15,4,500,0.3,0.8,814.98288507266,'20.333981990814','2021-09-14 13:55:22'),(144,12,'GA',15,4,500,0.3,0.8,755.69035739039,'13.43256688118','2021-09-14 13:56:21'),(145,12,'GAP',15,4,500,0.3,0.8,690.4768642946,'16.789747953415','2021-09-14 13:57:42'),(146,12,'GAP',15,4,500,0.3,0.8,747.77867785135,'18.235299825668','2021-09-14 13:58:22'),(147,12,'GAP',15,4,500,0.3,0.8,707.21385518722,'23.858736991882','2021-09-14 13:59:11'),(148,12,'GAP',15,4,500,0.3,0.8,770.97642680495,'16.373819112778','2021-09-14 13:59:39'),(149,12,'GAP',15,4,500,0.3,0.8,712.91919066464,'23.767269849777','2021-09-14 14:00:31'),(150,12,'GAP',15,4,500,0.3,0.8,797.42220518078,'19.413322925568','2021-09-14 14:01:10'),(151,12,'GAP',15,4,500,0.3,0.8,764.55404362213,'18.01535487175','2021-09-14 14:02:43'),(152,12,'GAP',15,4,500,0.3,0.8,720.83517776212,'22.79868888855','2021-09-14 14:03:25'),(153,12,'GAP',15,4,500,0.3,0.8,687.81521968643,'19.437856912613','2021-09-14 14:03:59'),(154,3,'GA',20,2,500,0.3,0.6,2401.7441837946,'5.8007049560547','2021-11-09 15:30:25');

/*Table structure for table `process_cluster` */

DROP TABLE IF EXISTS `process_cluster`;

CREATE TABLE `process_cluster` (
  `process_id` bigint(20) NOT NULL AUTO_INCREMENT,
  `data_id` bigint(20) DEFAULT NULL,
  `type` varchar(50) DEFAULT NULL COMMENT 'K-mean/GAP',
  `individu` int(11) DEFAULT NULL,
  `cluster` int(11) DEFAULT NULL,
  `iterasi` bigint(20) DEFAULT NULL,
  `mutation_rate` double DEFAULT NULL,
  `crossover_rate` double DEFAULT NULL,
  `f_objektif` double DEFAULT NULL,
  `date` datetime DEFAULT NULL,
  PRIMARY KEY (`process_id`)
) ENGINE=InnoDB AUTO_INCREMENT=14 DEFAULT CHARSET=utf8mb4;

/*Data for the table `process_cluster` */

insert  into `process_cluster`(`process_id`,`data_id`,`type`,`individu`,`cluster`,`iterasi`,`mutation_rate`,`crossover_rate`,`f_objektif`,`date`) values (1,5,'GAP',30,5,500,0.5,0.5,226.85627140916,'2021-08-20 04:50:18'),(2,5,'GAP',30,5,500,0.5,0.5,263.550040642,'2021-08-20 04:50:32'),(3,5,'GAP',30,5,500,0.5,0.5,219.64663175364,'2021-08-20 04:50:41'),(4,5,'GAP',30,5,500,0.5,0.5,210.53921096559,'2021-08-20 04:50:49'),(5,5,'GAP',30,5,500,0.5,0.5,211.28679607155,'2021-08-20 04:51:07'),(6,5,'GAP',30,10,500,0.5,0.5,161.17033801949,'2021-08-20 04:52:20'),(7,5,'GAP',30,10,500,0.5,0.5,180.30739118932,'2021-08-20 04:52:34'),(8,5,'GAP',30,10,500,0.5,0.5,194.84190237997,'2021-08-20 04:52:46'),(9,5,'GAP',30,10,500,0.5,0.5,192.34119368642,'2021-08-20 04:53:05'),(10,5,'GAP',30,10,500,0.5,0.5,177.1993055384,'2021-08-20 04:53:29'),(11,5,'GAP',30,15,500,0.5,0.5,144.19718958069,'2021-08-20 04:53:53'),(12,5,'GAP',30,20,500,0.5,0.5,134.66365023028,'2021-08-20 05:12:17'),(13,5,'GAP',30,25,500,0.5,0.5,119.92337799837,'2021-08-20 05:17:24');

/*Table structure for table `process_detail` */

DROP TABLE IF EXISTS `process_detail`;

CREATE TABLE `process_detail` (
  `process_detail_id` bigint(20) NOT NULL AUTO_INCREMENT,
  `process_id` bigint(20) DEFAULT NULL,
  `loop` bigint(20) DEFAULT NULL,
  PRIMARY KEY (`process_detail_id`)
) ENGINE=InnoDB DEFAULT CHARSET=utf8mb4;

/*Data for the table `process_detail` */

/*Table structure for table `process_ga` */

DROP TABLE IF EXISTS `process_ga`;

CREATE TABLE `process_ga` (
  `process_id` bigint(20) NOT NULL AUTO_INCREMENT,
  `data_id` bigint(20) DEFAULT NULL,
  `type` varchar(50) DEFAULT NULL COMMENT 'K-mean/GAP',
  `individu` int(11) DEFAULT NULL,
  `cluster` int(11) DEFAULT NULL,
  `iterasi` bigint(20) DEFAULT NULL,
  `mutation_rate` double DEFAULT NULL,
  `crossover_rate` double DEFAULT NULL,
  `f_objektif` double DEFAULT NULL,
  `time` text DEFAULT NULL,
  `date` datetime DEFAULT NULL,
  PRIMARY KEY (`process_id`)
) ENGINE=InnoDB AUTO_INCREMENT=132 DEFAULT CHARSET=utf8mb4;

/*Data for the table `process_ga` */

insert  into `process_ga`(`process_id`,`data_id`,`type`,`individu`,`cluster`,`iterasi`,`mutation_rate`,`crossover_rate`,`f_objektif`,`time`,`date`) values (37,12,'GAP',15,4,500,0.1,0.6,707.46955375844,NULL,'2021-09-13 12:07:44'),(38,12,'GAP',15,4,500,0.1,0.6,718.93721676872,NULL,'2021-09-13 12:11:23'),(39,12,'GAP',15,4,500,0.1,0.6,751.54149560239,NULL,'2021-09-13 12:13:55'),(40,12,'GAP',15,4,500,0.1,0.6,791.71119655462,NULL,'2021-09-13 12:15:46'),(41,12,'GAP',15,4,500,0.1,0.6,718.80758189134,NULL,'2021-09-13 12:16:37'),(42,12,'GAP',15,4,500,0.1,0.6,811.13655616412,NULL,'2021-09-13 12:18:05'),(43,12,'GAP',15,4,500,0.1,0.6,767.75097565606,NULL,'2021-09-13 12:18:37'),(44,12,'GAP',15,4,500,0.1,0.7,738.60967267854,NULL,'2021-09-13 12:20:20'),(45,12,'GAP',15,4,500,0.1,0.7,695.6564951939,NULL,'2021-09-13 12:22:01'),(46,12,'GAP',15,4,500,0.1,0.7,775.09663896038,NULL,'2021-09-13 12:22:52'),(47,12,'GAP',15,4,500,0.1,0.7,786.73002961183,NULL,'2021-09-13 12:23:25'),(48,12,'GAP',15,4,500,0.1,0.7,784.6660989199,NULL,'2021-09-13 12:24:25'),(49,12,'GAP',15,4,500,0.1,0.7,733.67277833877,NULL,'2021-09-13 12:27:34'),(50,12,'GAP',15,4,500,0.1,0.7,720.69448640101,NULL,'2021-09-13 12:28:26'),(51,12,'GAP',15,4,500,0.1,0.7,719.08451969718,NULL,'2021-09-13 12:29:09'),(52,12,'GAP',15,4,500,0.1,0.7,818.62297793973,NULL,'2021-09-13 12:48:35'),(53,12,'GAP',15,4,500,0.1,0.7,789.62325507639,NULL,'2021-09-13 12:49:03'),(54,12,'GAP',15,4,500,0.1,0.7,788.83924177682,NULL,'2021-09-13 12:50:36'),(55,12,'GAP',15,4,500,0.1,0.7,678.0473686934,NULL,'2021-09-13 12:57:18'),(56,12,'GAP',15,4,500,0.1,0.7,824.17568107291,NULL,'2021-09-13 13:08:20'),(57,12,'GAP',15,4,500,0.1,0.7,757.90706262515,NULL,'2021-09-13 13:08:48'),(58,12,'GAP',15,4,500,0.1,0.7,674.15829244194,NULL,'2021-09-13 13:09:14'),(59,12,'GAP',15,4,500,0.1,0.8,752.19819206005,NULL,'2021-09-13 13:17:47'),(60,12,'GAP',15,4,500,0.1,0.8,737.73107208561,NULL,'2021-09-13 13:18:22'),(61,12,'GAP',15,4,500,0.1,0.8,682.30654664992,NULL,'2021-09-13 13:19:29'),(62,12,'GAP',15,4,500,0.1,0.8,771.32364711786,NULL,'2021-09-13 13:20:06'),(63,12,'GAP',15,4,500,0.1,0.8,765.97543398638,NULL,'2021-09-13 13:20:41'),(64,12,'GAP',15,4,500,0.1,0.8,839.67340385477,NULL,'2021-09-13 13:45:26'),(65,12,'GAP',15,4,500,0.1,0.8,744.48342015999,NULL,'2021-09-13 17:26:41'),(66,12,'GAP',15,4,500,0.1,0.8,730.66916100135,NULL,'2021-09-13 17:27:51'),(67,12,'GAP',15,4,500,0.1,0.8,766.8791720765,NULL,'2021-09-13 17:28:31'),(68,12,'GAP',15,4,500,0.1,0.8,796.01845426626,NULL,'2021-09-13 17:29:00'),(69,12,'GAP',15,4,500,0.1,0.8,735.63573887973,NULL,'2021-09-13 17:29:25'),(70,12,'GAP',15,4,500,0.1,0.8,779.87134395341,NULL,'2021-09-13 17:29:49'),(71,12,'GAP',15,4,500,0.1,0.8,763.66249523374,NULL,'2021-09-13 17:30:16'),(72,12,'GAP',15,4,500,0.1,0.8,653.99486471747,NULL,'2021-09-13 17:32:52'),(73,12,'GAP',15,4,500,0.1,0.8,748.91655509671,NULL,'2021-09-13 17:34:28'),(74,12,'GAP',15,4,500,0.1,0.8,790.84608448459,NULL,'2021-09-13 17:34:58'),(75,12,'GAP',15,4,500,0.1,0.8,680.17258270214,NULL,'2021-09-13 17:35:20'),(76,12,'GAP',15,4,500,0.1,0.8,681.09575516624,NULL,'2021-09-13 17:36:23'),(77,12,'GAP',15,4,500,0.1,0.8,742.72066814544,NULL,'2021-09-13 17:38:29'),(78,12,'GAP',15,4,500,0.1,0.8,879.7500759758,NULL,'2021-09-13 17:38:51'),(79,12,'GAP',15,4,500,0.1,0.8,702.25151256089,NULL,'2021-09-13 17:39:17'),(80,12,'GAP',15,4,500,0.2,0.6,719.35253127583,NULL,'2021-09-13 17:39:50'),(81,12,'GAP',15,4,500,0.2,0.6,754.97381301049,NULL,'2021-09-13 17:40:50'),(82,12,'GAP',15,4,500,0.2,0.6,816.64214638021,NULL,'2021-09-13 17:41:13'),(83,12,'GAP',15,4,500,0.2,0.6,716.51238817868,NULL,'2021-09-13 17:41:43'),(84,12,'GAP',15,4,500,0.2,0.6,720.23612094446,NULL,'2021-09-13 17:43:13'),(85,12,'GAP',15,4,500,0.2,0.6,764.11709144187,NULL,'2021-09-13 17:43:45'),(86,12,'GAP',15,4,500,0.2,0.6,805.60760014943,NULL,'2021-09-13 17:44:09'),(87,12,'GAP',15,4,500,0.2,0.6,726.2864281709,NULL,'2021-09-13 17:44:33'),(88,12,'GAP',15,4,500,0.2,0.7,777.20345091288,NULL,'2021-09-13 17:46:34'),(89,12,'GAP',15,4,500,0.2,0.7,796.10837627325,NULL,'2021-09-13 17:46:58'),(90,12,'GAP',15,4,500,0.2,0.7,726.55938644595,NULL,'2021-09-13 17:47:33'),(91,12,'GAP',15,4,500,0.2,0.7,758.84391890198,NULL,'2021-09-13 17:48:12'),(92,12,'GAP',15,4,500,0.2,0.7,757.65943441988,NULL,'2021-09-13 17:48:33'),(93,12,'GAP',15,4,500,0.2,0.7,771.39333076799,NULL,'2021-09-13 17:49:48'),(94,12,'GAP',15,4,500,0.2,0.7,805.39704214798,NULL,'2021-09-13 17:50:15'),(95,12,'GAP',15,4,500,0.2,0.7,721.14514755675,NULL,'2021-09-13 17:50:35'),(96,12,'GAP',15,4,500,0.2,0.7,717.99097634374,NULL,'2021-09-13 17:54:06'),(97,12,'GAP',15,4,500,0.2,0.7,735.44673307536,NULL,'2021-09-13 17:54:51'),(98,12,'GAP',15,4,500,0.2,0.7,798.44867390102,NULL,'2021-09-13 17:56:09'),(99,12,'GAP',15,4,500,0.2,0.7,742.35980541495,NULL,'2021-09-13 17:56:32'),(100,12,'GAP',15,4,500,0.2,0.7,742.6434919725,NULL,'2021-09-13 17:59:31'),(101,12,'GAP',15,4,500,0.2,0.8,698.01949718757,NULL,'2021-09-13 18:00:05'),(102,12,'GAP',15,4,500,0.2,0.8,793.64950859,NULL,'2021-09-13 18:00:45'),(103,12,'GAP',15,4,500,0.2,0.8,732.92335769389,NULL,'2021-09-13 18:01:26'),(104,12,'GAP',15,4,500,0.2,0.8,711.07102544642,NULL,'2021-09-13 18:01:56'),(105,12,'GAP',15,4,500,0.2,0.8,790.0939569979,NULL,'2021-09-13 18:03:47'),(106,12,'GAP',15,4,500,0.2,0.8,729.66592336198,NULL,'2021-09-13 18:04:16'),(107,12,'GAP',15,4,500,0.2,0.8,719.49811827896,NULL,'2021-09-13 18:04:59'),(108,12,'GAP',15,4,500,0.3,0.6,794.3957867989,NULL,'2021-09-13 18:07:18'),(109,12,'GAP',15,4,500,0.3,0.6,733.9294756136,NULL,'2021-09-13 18:07:46'),(110,12,'GAP',15,4,500,0.3,0.6,693.12874109749,NULL,'2021-09-13 18:08:10'),(111,12,'GAP',15,4,500,0.3,0.6,759.13799469632,NULL,'2021-09-13 18:08:33'),(112,12,'GAP',15,4,500,0.3,0.6,758.32157844364,NULL,'2021-09-13 18:08:55'),(113,12,'GAP',15,4,500,0.3,0.6,707.05982668048,NULL,'2021-09-13 18:09:23'),(114,12,'GAP',15,4,500,0.3,0.6,691.1343584028,NULL,'2021-09-13 18:09:48'),(115,12,'GAP',15,4,500,0.3,0.6,777.77061085908,NULL,'2021-09-13 18:11:32'),(116,12,'GAP',15,4,500,0.3,0.6,734.48873586261,NULL,'2021-09-13 18:11:52'),(117,12,'GAP',15,4,500,0.3,0.7,781.61063822303,NULL,'2021-09-13 18:12:47'),(118,12,'GAP',15,4,500,0.3,0.7,761.55009655513,NULL,'2021-09-13 18:13:23'),(119,12,'GAP',15,4,500,0.3,0.7,758.26344516403,NULL,'2021-09-13 18:13:48'),(120,12,'GAP',15,4,500,0.3,0.7,695.5828364508,NULL,'2021-09-13 18:14:04'),(121,12,'GAP',15,4,500,0.3,0.7,796.10360744631,NULL,'2021-09-13 18:15:46'),(123,12,'GAP',15,4,500,0.3,0.7,743.32794898301,NULL,'2021-09-13 18:17:34'),(124,12,'GAP',15,4,500,0.3,0.7,693.41556012228,NULL,'2021-09-13 18:18:06'),(125,12,'GAP',15,4,500,0.3,0.7,754.27602934159,NULL,'2021-09-13 18:18:33'),(126,12,'GAP',15,4,500,0.3,0.8,731.31023025882,NULL,'2021-09-13 18:19:30'),(127,12,'GAP',15,4,500,0.3,0.8,779.34186657136,NULL,'2021-09-13 18:20:04'),(128,12,'GAP',15,4,500,0.3,0.8,811.6027975393,NULL,'2021-09-13 18:20:49'),(129,12,'GAP',15,4,500,0.3,0.8,726.40987488547,NULL,'2021-09-13 18:21:31'),(130,12,'GAP',15,4,500,0.3,0.8,737.61551334279,NULL,'2021-09-13 18:23:22'),(131,12,'GAP',15,4,500,0.3,0.8,748.55553068791,NULL,'2021-09-13 18:28:45');

/*Table structure for table `process_individu` */

DROP TABLE IF EXISTS `process_individu`;

CREATE TABLE `process_individu` (
  `process_id` bigint(20) NOT NULL AUTO_INCREMENT,
  `data_id` bigint(20) DEFAULT NULL,
  `type` varchar(50) DEFAULT NULL COMMENT 'K-mean/GAP',
  `individu` int(11) DEFAULT NULL,
  `cluster` int(11) DEFAULT NULL,
  `iterasi` bigint(20) DEFAULT NULL,
  `mutation_rate` double DEFAULT NULL,
  `crossover_rate` double DEFAULT NULL,
  `f_objektif` double DEFAULT NULL,
  `date` datetime DEFAULT NULL,
  PRIMARY KEY (`process_id`)
) ENGINE=InnoDB AUTO_INCREMENT=26 DEFAULT CHARSET=utf8mb4;

/*Data for the table `process_individu` */

insert  into `process_individu`(`process_id`,`data_id`,`type`,`individu`,`cluster`,`iterasi`,`mutation_rate`,`crossover_rate`,`f_objektif`,`date`) values (1,5,'GAP',10,5,500,0.5,0.5,268.98173738621,'2021-08-20 04:08:18'),(2,5,'GAP',10,5,500,0.5,0.5,277.91447859023,'2021-08-20 04:08:21'),(3,5,'GAP',10,5,500,0.5,0.5,230.52759486918,'2021-08-20 04:08:23'),(4,5,'GAP',10,5,500,0.5,0.5,254.09430859113,'2021-08-20 04:08:27'),(5,5,'GAP',10,5,500,0.5,0.5,236.48055416979,'2021-08-20 04:08:29'),(6,5,'GAP',20,5,500,0.5,0.5,224.87572868286,'2021-08-20 04:08:37'),(7,5,'GAP',20,5,500,0.5,0.5,217.17202456711,'2021-08-20 04:08:41'),(8,5,'GAP',20,5,500,0.5,0.5,239.82692938654,'2021-08-20 04:08:45'),(9,5,'GAP',20,5,500,0.5,0.5,225.53451552096,'2021-08-20 04:08:49'),(10,5,'GAP',20,5,500,0.5,0.5,238.61886085436,'2021-08-20 04:08:53'),(11,5,'GAP',30,5,500,0.5,0.5,226.85627140916,'2021-08-20 04:09:06'),(12,5,'GAP',30,5,500,0.5,0.5,263.550040642,'2021-08-20 04:09:13'),(13,5,'GAP',30,5,500,0.5,0.5,219.64663175364,'2021-08-20 04:09:21'),(14,5,'GAP',30,5,500,0.5,0.5,210.53921096559,'2021-08-20 04:09:38'),(15,5,'GAP',30,5,500,0.5,0.5,211.28679607155,'2021-08-20 04:09:51'),(16,5,'GAP',40,5,500,0.5,0.5,227.46061578089,'2021-08-20 04:11:58'),(17,5,'GAP',40,5,500,0.5,0.5,234.78565784328,'2021-08-20 04:12:15'),(18,5,'GAP',40,5,500,0.5,0.5,232.64775293197,'2021-08-20 04:12:25'),(19,5,'GAP',40,5,500,0.5,0.5,238.67742410845,'2021-08-20 04:12:43'),(20,5,'GAP',40,5,500,0.5,0.5,223.05196355368,'2021-08-20 04:12:55'),(21,5,'GAP',50,5,500,0.5,0.5,245.16053452305,'2021-08-20 04:13:23'),(22,5,'GAP',50,5,500,0.5,0.5,228.58019299547,'2021-08-20 04:14:17'),(23,5,'GAP',50,5,500,0.5,0.5,226.59737495368,'2021-08-20 04:17:38'),(24,5,'GAP',50,5,500,0.5,0.5,243.76383768557,'2021-08-20 04:24:01'),(25,5,'GAP',50,5,500,0.5,0.5,229.67645089936,'2021-08-20 04:24:19');

/*Table structure for table `process_rate` */

DROP TABLE IF EXISTS `process_rate`;

CREATE TABLE `process_rate` (
  `process_id` bigint(20) NOT NULL AUTO_INCREMENT,
  `data_id` bigint(20) DEFAULT NULL,
  `type` varchar(50) DEFAULT NULL COMMENT 'K-mean/GAP',
  `individu` int(11) DEFAULT NULL,
  `cluster` int(11) DEFAULT NULL,
  `iterasi` bigint(20) DEFAULT NULL,
  `mutation_rate` double DEFAULT NULL,
  `crossover_rate` double DEFAULT NULL,
  `f_objektif` double DEFAULT NULL,
  `date` datetime DEFAULT NULL,
  PRIMARY KEY (`process_id`)
) ENGINE=InnoDB AUTO_INCREMENT=13 DEFAULT CHARSET=utf8mb4;

/*Data for the table `process_rate` */

insert  into `process_rate`(`process_id`,`data_id`,`type`,`individu`,`cluster`,`iterasi`,`mutation_rate`,`crossover_rate`,`f_objektif`,`date`) values (1,5,'GAP',20,20,500,0.1,0.9,163.48256830347,'2021-08-20 06:16:45'),(2,5,'GAP',20,20,500,0.2,0.8,150.94144499335,'2021-08-20 06:17:12'),(3,5,'GAP',20,20,500,0.3,0.7,145.22644927664,'2021-08-20 06:17:38'),(4,5,'GAP',20,20,500,0.4,0.6,147.27763203633,'2021-08-20 06:25:49'),(5,5,'GAP',20,20,500,0.5,0.5,154.73431607471,'2021-08-20 06:26:13'),(6,5,'GAP',20,20,500,0.5,0.5,147.00285449377,'2021-08-20 06:26:40'),(7,5,'GAP',20,20,500,0.6,0.4,143.94375123809,'2021-08-20 06:30:14'),(8,5,'GAP',20,20,500,0.6,0.4,148.33075831125,'2021-08-20 06:30:36'),(9,5,'GAP',20,20,500,0.7,0.3,144.22096589828,'2021-08-20 06:31:01'),(10,5,'GAP',20,20,500,0.8,0.2,141.33765754972,'2021-08-20 06:31:37'),(11,5,'GAP',20,20,500,0.8,0.2,161.97563856085,'2021-08-20 06:31:58'),(12,5,'GAP',20,20,500,0.9,0.1,151.92717723347,'2021-08-20 06:32:28');

/*Table structure for table `process_result` */

DROP TABLE IF EXISTS `process_result`;

CREATE TABLE `process_result` (
  `process_result_id` bigint(20) NOT NULL AUTO_INCREMENT,
  `process_id` bigint(20) DEFAULT NULL,
  `loop` bigint(20) DEFAULT NULL,
  PRIMARY KEY (`process_result_id`)
) ENGINE=InnoDB DEFAULT CHARSET=utf8mb4;

/*Data for the table `process_result` */

/*!40101 SET SQL_MODE=@OLD_SQL_MODE */;
/*!40014 SET FOREIGN_KEY_CHECKS=@OLD_FOREIGN_KEY_CHECKS */;
/*!40014 SET UNIQUE_CHECKS=@OLD_UNIQUE_CHECKS */;
/*!40111 SET SQL_NOTES=@OLD_SQL_NOTES */;
